Category	Usage	Path	SourceStatus
AlgoMon Animation	Convention load: CACHELON Base battle frame/manifest	AlgoMon/Assets/_AlgoMon/Sprites/CACHELON/Base/Attack/Cachelon_Base_Attack_01.png	Confirmed: project sprite animation/species art generated by author with PixelLab workflow; prompts/job IDs not stored in repo
AlgoMon Animation	Convention load: CACHELON Base battle frame/manifest	AlgoMon/Assets/_AlgoMon/Sprites/CACHELON/Base/Attack/Cachelon_Base_Attack_02.png	Confirmed: project sprite animation/species art generated by author with PixelLab workflow; prompts/job IDs not stored in repo
AlgoMon Animation	Convention load: CACHELON Base battle frame/manifest	AlgoMon/Assets/_AlgoMon/Sprites/CACHELON/Base/Attack/Cachelon_Base_Attack_03.png	Confirmed: project sprite animation/species art generated by author with PixelLab workflow; prompts/job IDs not stored in repo
AlgoMon Animation	Convention load: CACHELON Base battle frame/manifest	AlgoMon/Assets/_AlgoMon/Sprites/CACHELON/Base/Attack/Cachelon_Base_Attack_04.png	Confirmed: project sprite animation/species art generated by author with PixelLab workflow; prompts/job IDs not stored in repo
AlgoMon Animation	Convention load: CACHELON Base battle frame/manifest	AlgoMon/Assets/_AlgoMon/Sprites/CACHELON/Base/Attack/Cachelon_Base_Attack_05.png	Confirmed: project sprite animation/species art generated by author with PixelLab workflow; prompts/job IDs not stored in repo
AlgoMon Animation	Convention load: CACHELON Base battle frame/manifest	AlgoMon/Assets/_AlgoMon/Sprites/CACHELON/Base/Attack/Cachelon_Base_Attack_06.png	Confirmed: project sprite animation/species art generated by author with PixelLab workflow; prompts/job IDs not stored in repo
AlgoMon Animation	Convention load: CACHELON Base battle frame/manifest	AlgoMon/Assets/_AlgoMon/Sprites/CACHELON/Base/Attack/Cachelon_Base_Attack_07.png	Confirmed: project sprite animation/species art generated by author with PixelLab workflow; prompts/job IDs not stored in repo
AlgoMon Animation	Convention load: CACHELON Base battle frame/manifest	AlgoMon/Assets/_AlgoMon/Sprites/CACHELON/Base/Attack/Cachelon_Base_Attack_08.png	Confirmed: project sprite animation/species art generated by author with PixelLab workflow; prompts/job IDs not stored in repo
AlgoMon Animation	Convention load: CACHELON Base battle frame/manifest	AlgoMon/Assets/_AlgoMon/Sprites/CACHELON/Base/Attack/Cachelon_Base_Attack_09.png	Confirmed: project sprite animation/species art generated by author with PixelLab workflow; prompts/job IDs not stored in repo
AlgoMon Animation	Convention load: CACHELON Base battle frame/manifest	AlgoMon/Assets/_AlgoMon/Sprites/CACHELON/Base/Attack/Cachelon_Base_Attack_10.png	Confirmed: project sprite animation/species art generated by author with PixelLab workflow; prompts/job IDs not stored in repo
AlgoMon Animation	Convention load: CACHELON Base battle frame/manifest	AlgoMon/Assets/_AlgoMon/Sprites/CACHELON/Base/Attack/Cachelon_Base_Attack_11.png	Confirmed: project sprite animation/species art generated by author with PixelLab workflow; prompts/job IDs not stored in repo
AlgoMon Animation	Convention load: CACHELON Base battle frame/manifest	AlgoMon/Assets/_AlgoMon/Sprites/CACHELON/Base/Attack/Cachelon_Base_Attack_12.png	Confirmed: project sprite animation/species art generated by author with PixelLab workflow; prompts/job IDs not stored in repo
AlgoMon Animation	Convention load: CACHELON Base battle frame/manifest	AlgoMon/Assets/_AlgoMon/Sprites/CACHELON/Base/Attack/Cachelon_Base_Attack_13.png	Confirmed: project sprite animation/species art generated by author with PixelLab workflow; prompts/job IDs not stored in repo
AlgoMon Animation	Convention load: CACHELON Base battle frame/manifest	AlgoMon/Assets/_AlgoMon/Sprites/CACHELON/Base/battle_animation_manifest.json	Confirmed: project sprite animation/species art generated by author with PixelLab workflow; prompts/job IDs not stored in repo
AlgoMon Animation	Convention load: CACHELON Base battle frame/manifest	AlgoMon/Assets/_AlgoMon/Sprites/CACHELON/Base/Defense/Cachelon_Base_Defense_01.png	Confirmed: project sprite animation/species art generated by author with PixelLab workflow; prompts/job IDs not stored in repo
AlgoMon Animation	Convention load: CACHELON Base battle frame/manifest	AlgoMon/Assets/_AlgoMon/Sprites/CACHELON/Base/Defense/Cachelon_Base_Defense_02.png	Confirmed: project sprite animation/species art generated by author with PixelLab workflow; prompts/job IDs not stored in repo
AlgoMon Animation	Convention load: CACHELON Base battle frame/manifest	AlgoMon/Assets/_AlgoMon/Sprites/CACHELON/Base/Defense/Cachelon_Base_Defense_03.png	Confirmed: project sprite animation/species art generated by author with PixelLab workflow; prompts/job IDs not stored in repo
AlgoMon Animation	Convention load: CACHELON Base battle frame/manifest	AlgoMon/Assets/_AlgoMon/Sprites/CACHELON/Base/Defense/Cachelon_Base_Defense_04.png	Confirmed: project sprite animation/species art generated by author with PixelLab workflow; prompts/job IDs not stored in repo
AlgoMon Animation	Convention load: CACHELON Base battle frame/manifest	AlgoMon/Assets/_AlgoMon/Sprites/CACHELON/Base/Defense/Cachelon_Base_Defense_05.png	Confirmed: project sprite animation/species art generated by author with PixelLab workflow; prompts/job IDs not stored in repo
AlgoMon Animation	Convention load: CACHELON Base battle frame/manifest	AlgoMon/Assets/_AlgoMon/Sprites/CACHELON/Base/Defense/Cachelon_Base_Defense_06.png	Confirmed: project sprite animation/species art generated by author with PixelLab workflow; prompts/job IDs not stored in repo
AlgoMon Animation	Convention load: CACHELON Base battle frame/manifest	AlgoMon/Assets/_AlgoMon/Sprites/CACHELON/Base/Defense/Cachelon_Base_Defense_07.png	Confirmed: project sprite animation/species art generated by author with PixelLab workflow; prompts/job IDs not stored in repo
AlgoMon Animation	Convention load: CACHELON Base battle frame/manifest	AlgoMon/Assets/_AlgoMon/Sprites/CACHELON/Base/Defense/Cachelon_Base_Defense_08.png	Confirmed: project sprite animation/species art generated by author with PixelLab workflow; prompts/job IDs not stored in repo
AlgoMon Animation	Convention load: CACHELON Base battle frame/manifest	AlgoMon/Assets/_AlgoMon/Sprites/CACHELON/Base/Defense/Cachelon_Base_Defense_09.png	Confirmed: project sprite animation/species art generated by author with PixelLab workflow; prompts/job IDs not stored in repo
AlgoMon Animation	Convention load: CACHELON Base battle frame/manifest	AlgoMon/Assets/_AlgoMon/Sprites/CACHELON/Base/Defense/Cachelon_Base_Defense_10.png	Confirmed: project sprite animation/species art generated by author with PixelLab workflow; prompts/job IDs not stored in repo
AlgoMon Animation	Convention load: CACHELON Base battle frame/manifest	AlgoMon/Assets/_AlgoMon/Sprites/CACHELON/Base/Defense/Cachelon_Base_Defense_11.png	Confirmed: project sprite animation/species art generated by author with PixelLab workflow; prompts/job IDs not stored in repo
AlgoMon Animation	Convention load: CACHELON Base battle frame/manifest	AlgoMon/Assets/_AlgoMon/Sprites/CACHELON/Base/Defense/Cachelon_Base_Defense_12.png	Confirmed: project sprite animation/species art generated by author with PixelLab workflow; prompts/job IDs not stored in repo
AlgoMon Animation	Convention load: CACHELON Base battle frame/manifest	AlgoMon/Assets/_AlgoMon/Sprites/CACHELON/Base/Defense/Cachelon_Base_Defense_13.png	Confirmed: project sprite animation/species art generated by author with PixelLab workflow; prompts/job IDs not stored in repo
AlgoMon Animation	Convention load: CACHELON Base battle frame/manifest	AlgoMon/Assets/_AlgoMon/Sprites/CACHELON/Base/Faint/Cachelon_Base_Faint_01.png	Confirmed: project sprite animation/species art generated by author with PixelLab workflow; prompts/job IDs not stored in repo
AlgoMon Animation	Convention load: CACHELON Base battle frame/manifest	AlgoMon/Assets/_AlgoMon/Sprites/CACHELON/Base/Faint/Cachelon_Base_Faint_02.png	Confirmed: project sprite animation/species art generated by author with PixelLab workflow; prompts/job IDs not stored in repo
AlgoMon Animation	Convention load: CACHELON Base battle frame/manifest	AlgoMon/Assets/_AlgoMon/Sprites/CACHELON/Base/Faint/Cachelon_Base_Faint_03.png	Confirmed: project sprite animation/species art generated by author with PixelLab workflow; prompts/job IDs not stored in repo
AlgoMon Animation	Convention load: CACHELON Base battle frame/manifest	AlgoMon/Assets/_AlgoMon/Sprites/CACHELON/Base/Faint/Cachelon_Base_Faint_04.png	Confirmed: project sprite animation/species art generated by author with PixelLab workflow; prompts/job IDs not stored in repo
AlgoMon Animation	Convention load: CACHELON Base battle frame/manifest	AlgoMon/Assets/_AlgoMon/Sprites/CACHELON/Base/Faint/Cachelon_Base_Faint_05.png	Confirmed: project sprite animation/species art generated by author with PixelLab workflow; prompts/job IDs not stored in repo
AlgoMon Animation	Convention load: CACHELON Base battle frame/manifest	AlgoMon/Assets/_AlgoMon/Sprites/CACHELON/Base/Faint/Cachelon_Base_Faint_06.png	Confirmed: project sprite animation/species art generated by author with PixelLab workflow; prompts/job IDs not stored in repo
AlgoMon Animation	Convention load: CACHELON Base battle frame/manifest	AlgoMon/Assets/_AlgoMon/Sprites/CACHELON/Base/Faint/Cachelon_Base_Faint_07.png	Confirmed: project sprite animation/species art generated by author with PixelLab workflow; prompts/job IDs not stored in repo
AlgoMon Animation	Convention load: CACHELON Base battle frame/manifest	AlgoMon/Assets/_AlgoMon/Sprites/CACHELON/Base/Hit/Cachelon_Base_Hit_01.png	Confirmed: project sprite animation/species art generated by author with PixelLab workflow; prompts/job IDs not stored in repo
AlgoMon Animation	Convention load: CACHELON Base battle frame/manifest	AlgoMon/Assets/_AlgoMon/Sprites/CACHELON/Base/Hit/Cachelon_Base_Hit_02.png	Confirmed: project sprite animation/species art generated by author with PixelLab workflow; prompts/job IDs not stored in repo
AlgoMon Animation	Convention load: CACHELON Base battle frame/manifest	AlgoMon/Assets/_AlgoMon/Sprites/CACHELON/Base/Hit/Cachelon_Base_Hit_03.png	Confirmed: project sprite animation/species art generated by author with PixelLab workflow; prompts/job IDs not stored in repo
AlgoMon Animation	Convention load: CACHELON Base battle frame/manifest	AlgoMon/Assets/_AlgoMon/Sprites/CACHELON/Base/Hit/Cachelon_Base_Hit_04.png	Confirmed: project sprite animation/species art generated by author with PixelLab workflow; prompts/job IDs not stored in repo
AlgoMon Animation	Convention load: CACHELON Base battle frame/manifest	AlgoMon/Assets/_AlgoMon/Sprites/CACHELON/Base/Hit/Cachelon_Base_Hit_05.png	Confirmed: project sprite animation/species art generated by author with PixelLab workflow; prompts/job IDs not stored in repo
AlgoMon Animation	Convention load: CACHELON Base battle frame/manifest	AlgoMon/Assets/_AlgoMon/Sprites/CACHELON/Base/Hit/Cachelon_Base_Hit_06.png	Confirmed: project sprite animation/species art generated by author with PixelLab workflow; prompts/job IDs not stored in repo
AlgoMon Animation	Convention load: CACHELON Base battle frame/manifest	AlgoMon/Assets/_AlgoMon/Sprites/CACHELON/Base/Hit/Cachelon_Base_Hit_07.png	Confirmed: project sprite animation/species art generated by author with PixelLab workflow; prompts/job IDs not stored in repo
AlgoMon Animation	Convention load: CACHELON Base battle frame/manifest	AlgoMon/Assets/_AlgoMon/Sprites/CACHELON/Base/Idle/Cachelon_Base_Idle_01.png	Confirmed: project sprite animation/species art generated by author with PixelLab workflow; prompts/job IDs not stored in repo
AlgoMon Animation	Convention load: CACHELON Base battle frame/manifest	AlgoMon/Assets/_AlgoMon/Sprites/CACHELON/Base/Idle/Cachelon_Base_Idle_02.png	Confirmed: project sprite animation/species art generated by author with PixelLab workflow; prompts/job IDs not stored in repo
AlgoMon Animation	Convention load: CACHELON Base battle frame/manifest	AlgoMon/Assets/_AlgoMon/Sprites/CACHELON/Base/Idle/Cachelon_Base_Idle_03.png	Confirmed: project sprite animation/species art generated by author with PixelLab workflow; prompts/job IDs not stored in repo
AlgoMon Animation	Convention load: CACHELON Base battle frame/manifest	AlgoMon/Assets/_AlgoMon/Sprites/CACHELON/Base/Idle/Cachelon_Base_Idle_04.png	Confirmed: project sprite animation/species art generated by author with PixelLab workflow; prompts/job IDs not stored in repo
AlgoMon Animation	Convention load: CACHELON Base battle frame/manifest	AlgoMon/Assets/_AlgoMon/Sprites/CACHELON/Base/Idle/Cachelon_Base_Idle_05.png	Confirmed: project sprite animation/species art generated by author with PixelLab workflow; prompts/job IDs not stored in repo
AlgoMon Animation	Convention load: CACHELON Base battle frame/manifest	AlgoMon/Assets/_AlgoMon/Sprites/CACHELON/Base/Idle/Cachelon_Base_Idle_06.png	Confirmed: project sprite animation/species art generated by author with PixelLab workflow; prompts/job IDs not stored in repo
AlgoMon Animation	Convention load: CACHELON Base battle frame/manifest	AlgoMon/Assets/_AlgoMon/Sprites/CACHELON/Base/Idle/Cachelon_Base_Idle_07.png	Confirmed: project sprite animation/species art generated by author with PixelLab workflow; prompts/job IDs not stored in repo
AlgoMon Animation	Convention load: CACHELON Base battle frame/manifest	AlgoMon/Assets/_AlgoMon/Sprites/CACHELON/Base/Idle/Cachelon_Base_Idle_08.png	Confirmed: project sprite animation/species art generated by author with PixelLab workflow; prompts/job IDs not stored in repo
AlgoMon Animation	Convention load: CACHELON Base battle frame/manifest	AlgoMon/Assets/_AlgoMon/Sprites/CACHELON/Base/Idle/Cachelon_Base_Idle_09.png	Confirmed: project sprite animation/species art generated by author with PixelLab workflow; prompts/job IDs not stored in repo
AlgoMon Animation	Convention load: CACHELON Base battle frame/manifest	AlgoMon/Assets/_AlgoMon/Sprites/CACHELON/Base/Idle/Cachelon_Base_Idle_10.png	Confirmed: project sprite animation/species art generated by author with PixelLab workflow; prompts/job IDs not stored in repo
AlgoMon Animation	Convention load: CACHELON Base battle frame/manifest	AlgoMon/Assets/_AlgoMon/Sprites/CACHELON/Base/Idle/Cachelon_Base_Idle_11.png	Confirmed: project sprite animation/species art generated by author with PixelLab workflow; prompts/job IDs not stored in repo
AlgoMon Animation	Convention load: CACHELON Base battle frame/manifest	AlgoMon/Assets/_AlgoMon/Sprites/CACHELON/Base/Idle/Cachelon_Base_Idle_12.png	Confirmed: project sprite animation/species art generated by author with PixelLab workflow; prompts/job IDs not stored in repo
AlgoMon Animation	Convention load: CACHELON Base battle frame/manifest	AlgoMon/Assets/_AlgoMon/Sprites/CACHELON/Base/Idle/Cachelon_Base_Idle_13.png	Confirmed: project sprite animation/species art generated by author with PixelLab workflow; prompts/job IDs not stored in repo
AlgoMon Animation	Convention load: CACHELON Base battle frame/manifest	AlgoMon/Assets/_AlgoMon/Sprites/CACHELON/Base/Idle/Cachelon_Base_Idle_14.png	Confirmed: project sprite animation/species art generated by author with PixelLab workflow; prompts/job IDs not stored in repo
AlgoMon Animation	Convention load: CACHELON Base battle frame/manifest	AlgoMon/Assets/_AlgoMon/Sprites/CACHELON/Base/Idle/Cachelon_Base_Idle_15.png	Confirmed: project sprite animation/species art generated by author with PixelLab workflow; prompts/job IDs not stored in repo
AlgoMon Animation	Convention load: CACHELON Base battle frame/manifest	AlgoMon/Assets/_AlgoMon/Sprites/CACHELON/Base/Idle/Cachelon_Base_Idle_16.png	Confirmed: project sprite animation/species art generated by author with PixelLab workflow; prompts/job IDs not stored in repo
AlgoMon Animation	Convention load: CACHELON Base battle frame/manifest	AlgoMon/Assets/_AlgoMon/Sprites/CACHELON/Base/Idle/Cachelon_Base_Idle_17.png	Confirmed: project sprite animation/species art generated by author with PixelLab workflow; prompts/job IDs not stored in repo
AlgoMon Animation	Convention load: CACHELON Base battle frame/manifest	AlgoMon/Assets/_AlgoMon/Sprites/CACHELON/Base/Status/Cachelon_Base_Status_01.png	Confirmed: project sprite animation/species art generated by author with PixelLab workflow; prompts/job IDs not stored in repo
AlgoMon Animation	Convention load: CACHELON Base battle frame/manifest	AlgoMon/Assets/_AlgoMon/Sprites/CACHELON/Base/Status/Cachelon_Base_Status_02.png	Confirmed: project sprite animation/species art generated by author with PixelLab workflow; prompts/job IDs not stored in repo
AlgoMon Animation	Convention load: CACHELON Base battle frame/manifest	AlgoMon/Assets/_AlgoMon/Sprites/CACHELON/Base/Status/Cachelon_Base_Status_03.png	Confirmed: project sprite animation/species art generated by author with PixelLab workflow; prompts/job IDs not stored in repo
AlgoMon Animation	Convention load: CACHELON Base battle frame/manifest	AlgoMon/Assets/_AlgoMon/Sprites/CACHELON/Base/Status/Cachelon_Base_Status_04.png	Confirmed: project sprite animation/species art generated by author with PixelLab workflow; prompts/job IDs not stored in repo
AlgoMon Animation	Convention load: CACHELON Base battle frame/manifest	AlgoMon/Assets/_AlgoMon/Sprites/CACHELON/Base/Status/Cachelon_Base_Status_05.png	Confirmed: project sprite animation/species art generated by author with PixelLab workflow; prompts/job IDs not stored in repo
AlgoMon Animation	Convention load: CACHELON Base battle frame/manifest	AlgoMon/Assets/_AlgoMon/Sprites/CACHELON/Base/Status/Cachelon_Base_Status_06.png	Confirmed: project sprite animation/species art generated by author with PixelLab workflow; prompts/job IDs not stored in repo
AlgoMon Animation	Convention load: CACHELON Base battle frame/manifest	AlgoMon/Assets/_AlgoMon/Sprites/CACHELON/Base/Status/Cachelon_Base_Status_07.png	Confirmed: project sprite animation/species art generated by author with PixelLab workflow; prompts/job IDs not stored in repo
AlgoMon Animation	Convention load: CACHELON Base battle frame/manifest	AlgoMon/Assets/_AlgoMon/Sprites/CACHELON/Base/Status/Cachelon_Base_Status_08.png	Confirmed: project sprite animation/species art generated by author with PixelLab workflow; prompts/job IDs not stored in repo
AlgoMon Animation	Convention load: CACHELON Base battle frame/manifest	AlgoMon/Assets/_AlgoMon/Sprites/CACHELON/Base/Status/Cachelon_Base_Status_09.png	Confirmed: project sprite animation/species art generated by author with PixelLab workflow; prompts/job IDs not stored in repo
AlgoMon Animation	Convention load: CACHELON Base battle frame/manifest	AlgoMon/Assets/_AlgoMon/Sprites/CACHELON/Base/Status/Cachelon_Base_Status_10.png	Confirmed: project sprite animation/species art generated by author with PixelLab workflow; prompts/job IDs not stored in repo
AlgoMon Animation	Convention load: CACHELON Base battle frame/manifest	AlgoMon/Assets/_AlgoMon/Sprites/CACHELON/Base/Status/Cachelon_Base_Status_11.png	Confirmed: project sprite animation/species art generated by author with PixelLab workflow; prompts/job IDs not stored in repo
AlgoMon Animation	Convention load: CACHELON Base battle frame/manifest	AlgoMon/Assets/_AlgoMon/Sprites/CACHELON/Base/Status/Cachelon_Base_Status_12.png	Confirmed: project sprite animation/species art generated by author with PixelLab workflow; prompts/job IDs not stored in repo
AlgoMon Animation	Convention load: CACHELON Base battle frame/manifest	AlgoMon/Assets/_AlgoMon/Sprites/CACHELON/Base/Status/Cachelon_Base_Status_13.png	Confirmed: project sprite animation/species art generated by author with PixelLab workflow; prompts/job IDs not stored in repo
AlgoMon Animation	Convention load: CACHELON Evolved battle frame/manifest	AlgoMon/Assets/_AlgoMon/Sprites/CACHELON/Evolved/Attack/Cachelon_Evolved_Attack_01.png	Confirmed: project sprite animation/species art generated by author with PixelLab workflow; prompts/job IDs not stored in repo
AlgoMon Animation	Convention load: CACHELON Evolved battle frame/manifest	AlgoMon/Assets/_AlgoMon/Sprites/CACHELON/Evolved/Attack/Cachelon_Evolved_Attack_02.png	Confirmed: project sprite animation/species art generated by author with PixelLab workflow; prompts/job IDs not stored in repo
AlgoMon Animation	Convention load: CACHELON Evolved battle frame/manifest	AlgoMon/Assets/_AlgoMon/Sprites/CACHELON/Evolved/Attack/Cachelon_Evolved_Attack_03.png	Confirmed: project sprite animation/species art generated by author with PixelLab workflow; prompts/job IDs not stored in repo
AlgoMon Animation	Convention load: CACHELON Evolved battle frame/manifest	AlgoMon/Assets/_AlgoMon/Sprites/CACHELON/Evolved/Attack/Cachelon_Evolved_Attack_04.png	Confirmed: project sprite animation/species art generated by author with PixelLab workflow; prompts/job IDs not stored in repo
AlgoMon Animation	Convention load: CACHELON Evolved battle frame/manifest	AlgoMon/Assets/_AlgoMon/Sprites/CACHELON/Evolved/Attack/Cachelon_Evolved_Attack_05.png	Confirmed: project sprite animation/species art generated by author with PixelLab workflow; prompts/job IDs not stored in repo
AlgoMon Animation	Convention load: CACHELON Evolved battle frame/manifest	AlgoMon/Assets/_AlgoMon/Sprites/CACHELON/Evolved/Attack/Cachelon_Evolved_Attack_06.png	Confirmed: project sprite animation/species art generated by author with PixelLab workflow; prompts/job IDs not stored in repo
AlgoMon Animation	Convention load: CACHELON Evolved battle frame/manifest	AlgoMon/Assets/_AlgoMon/Sprites/CACHELON/Evolved/Attack/Cachelon_Evolved_Attack_07.png	Confirmed: project sprite animation/species art generated by author with PixelLab workflow; prompts/job IDs not stored in repo
AlgoMon Animation	Convention load: CACHELON Evolved battle frame/manifest	AlgoMon/Assets/_AlgoMon/Sprites/CACHELON/Evolved/Attack/Cachelon_Evolved_Attack_08.png	Confirmed: project sprite animation/species art generated by author with PixelLab workflow; prompts/job IDs not stored in repo
AlgoMon Animation	Convention load: CACHELON Evolved battle frame/manifest	AlgoMon/Assets/_AlgoMon/Sprites/CACHELON/Evolved/Attack/Cachelon_Evolved_Attack_09.png	Confirmed: project sprite animation/species art generated by author with PixelLab workflow; prompts/job IDs not stored in repo
AlgoMon Animation	Convention load: CACHELON Evolved battle frame/manifest	AlgoMon/Assets/_AlgoMon/Sprites/CACHELON/Evolved/Attack/Cachelon_Evolved_Attack_10.png	Confirmed: project sprite animation/species art generated by author with PixelLab workflow; prompts/job IDs not stored in repo
AlgoMon Animation	Convention load: CACHELON Evolved battle frame/manifest	AlgoMon/Assets/_AlgoMon/Sprites/CACHELON/Evolved/Attack/Cachelon_Evolved_Attack_11.png	Confirmed: project sprite animation/species art generated by author with PixelLab workflow; prompts/job IDs not stored in repo
AlgoMon Animation	Convention load: CACHELON Evolved battle frame/manifest	AlgoMon/Assets/_AlgoMon/Sprites/CACHELON/Evolved/Attack/Cachelon_Evolved_Attack_12.png	Confirmed: project sprite animation/species art generated by author with PixelLab workflow; prompts/job IDs not stored in repo
AlgoMon Animation	Convention load: CACHELON Evolved battle frame/manifest	AlgoMon/Assets/_AlgoMon/Sprites/CACHELON/Evolved/Attack/Cachelon_Evolved_Attack_13.png	Confirmed: project sprite animation/species art generated by author with PixelLab workflow; prompts/job IDs not stored in repo
AlgoMon Animation	Convention load: CACHELON Evolved battle frame/manifest	AlgoMon/Assets/_AlgoMon/Sprites/CACHELON/Evolved/Attack/Cachelon_Evolved_Attack_14.png	Confirmed: project sprite animation/species art generated by author with PixelLab workflow; prompts/job IDs not stored in repo
AlgoMon Animation	Convention load: CACHELON Evolved battle frame/manifest	AlgoMon/Assets/_AlgoMon/Sprites/CACHELON/Evolved/Attack/Cachelon_Evolved_Attack_15.png	Confirmed: project sprite animation/species art generated by author with PixelLab workflow; prompts/job IDs not stored in repo
AlgoMon Animation	Convention load: CACHELON Evolved battle frame/manifest	AlgoMon/Assets/_AlgoMon/Sprites/CACHELON/Evolved/Attack/Cachelon_Evolved_Attack_16.png	Confirmed: project sprite animation/species art generated by author with PixelLab workflow; prompts/job IDs not stored in repo
AlgoMon Animation	Convention load: CACHELON Evolved battle frame/manifest	AlgoMon/Assets/_AlgoMon/Sprites/CACHELON/Evolved/Attack/Cachelon_Evolved_Attack_17.png	Confirmed: project sprite animation/species art generated by author with PixelLab workflow; prompts/job IDs not stored in repo
AlgoMon Animation	Convention load: CACHELON Evolved battle frame/manifest	AlgoMon/Assets/_AlgoMon/Sprites/CACHELON/Evolved/Attack/Cachelon_Evolved_Attack_18.png	Confirmed: project sprite animation/species art generated by author with PixelLab workflow; prompts/job IDs not stored in repo
AlgoMon Animation	Convention load: CACHELON Evolved battle frame/manifest	AlgoMon/Assets/_AlgoMon/Sprites/CACHELON/Evolved/Attack/Cachelon_Evolved_Attack_19.png	Confirmed: project sprite animation/species art generated by author with PixelLab workflow; prompts/job IDs not stored in repo
AlgoMon Animation	Convention load: CACHELON Evolved battle frame/manifest	AlgoMon/Assets/_AlgoMon/Sprites/CACHELON/Evolved/Attack/Cachelon_Evolved_Attack_20.png	Confirmed: project sprite animation/species art generated by author with PixelLab workflow; prompts/job IDs not stored in repo
AlgoMon Animation	Convention load: CACHELON Evolved battle frame/manifest	AlgoMon/Assets/_AlgoMon/Sprites/CACHELON/Evolved/battle_animation_manifest.json	Confirmed: project sprite animation/species art generated by author with PixelLab workflow; prompts/job IDs not stored in repo
AlgoMon Animation	Convention load: CACHELON Evolved battle frame/manifest	AlgoMon/Assets/_AlgoMon/Sprites/CACHELON/Evolved/Defense/Cachelon_Evolved_Defense_01.png	Confirmed: project sprite animation/species art generated by author with PixelLab workflow; prompts/job IDs not stored in repo
AlgoMon Animation	Convention load: CACHELON Evolved battle frame/manifest	AlgoMon/Assets/_AlgoMon/Sprites/CACHELON/Evolved/Defense/Cachelon_Evolved_Defense_02.png	Confirmed: project sprite animation/species art generated by author with PixelLab workflow; prompts/job IDs not stored in repo
AlgoMon Animation	Convention load: CACHELON Evolved battle frame/manifest	AlgoMon/Assets/_AlgoMon/Sprites/CACHELON/Evolved/Defense/Cachelon_Evolved_Defense_03.png	Confirmed: project sprite animation/species art generated by author with PixelLab workflow; prompts/job IDs not stored in repo
AlgoMon Animation	Convention load: CACHELON Evolved battle frame/manifest	AlgoMon/Assets/_AlgoMon/Sprites/CACHELON/Evolved/Defense/Cachelon_Evolved_Defense_04.png	Confirmed: project sprite animation/species art generated by author with PixelLab workflow; prompts/job IDs not stored in repo
AlgoMon Animation	Convention load: CACHELON Evolved battle frame/manifest	AlgoMon/Assets/_AlgoMon/Sprites/CACHELON/Evolved/Defense/Cachelon_Evolved_Defense_05.png	Confirmed: project sprite animation/species art generated by author with PixelLab workflow; prompts/job IDs not stored in repo
AlgoMon Animation	Convention load: CACHELON Evolved battle frame/manifest	AlgoMon/Assets/_AlgoMon/Sprites/CACHELON/Evolved/Defense/Cachelon_Evolved_Defense_06.png	Confirmed: project sprite animation/species art generated by author with PixelLab workflow; prompts/job IDs not stored in repo
AlgoMon Animation	Convention load: CACHELON Evolved battle frame/manifest	AlgoMon/Assets/_AlgoMon/Sprites/CACHELON/Evolved/Defense/Cachelon_Evolved_Defense_07.png	Confirmed: project sprite animation/species art generated by author with PixelLab workflow; prompts/job IDs not stored in repo
AlgoMon Animation	Convention load: CACHELON Evolved battle frame/manifest	AlgoMon/Assets/_AlgoMon/Sprites/CACHELON/Evolved/Defense/Cachelon_Evolved_Defense_08.png	Confirmed: project sprite animation/species art generated by author with PixelLab workflow; prompts/job IDs not stored in repo
AlgoMon Animation	Convention load: CACHELON Evolved battle frame/manifest	AlgoMon/Assets/_AlgoMon/Sprites/CACHELON/Evolved/Defense/Cachelon_Evolved_Defense_09.png	Confirmed: project sprite animation/species art generated by author with PixelLab workflow; prompts/job IDs not stored in repo
AlgoMon Animation	Convention load: CACHELON Evolved battle frame/manifest	AlgoMon/Assets/_AlgoMon/Sprites/CACHELON/Evolved/Defense/Cachelon_Evolved_Defense_10.png	Confirmed: project sprite animation/species art generated by author with PixelLab workflow; prompts/job IDs not stored in repo
AlgoMon Animation	Convention load: CACHELON Evolved battle frame/manifest	AlgoMon/Assets/_AlgoMon/Sprites/CACHELON/Evolved/Defense/Cachelon_Evolved_Defense_11.png	Confirmed: project sprite animation/species art generated by author with PixelLab workflow; prompts/job IDs not stored in repo
AlgoMon Animation	Convention load: CACHELON Evolved battle frame/manifest	AlgoMon/Assets/_AlgoMon/Sprites/CACHELON/Evolved/Defense/Cachelon_Evolved_Defense_12.png	Confirmed: project sprite animation/species art generated by author with PixelLab workflow; prompts/job IDs not stored in repo
AlgoMon Animation	Convention load: CACHELON Evolved battle frame/manifest	AlgoMon/Assets/_AlgoMon/Sprites/CACHELON/Evolved/Defense/Cachelon_Evolved_Defense_13.png	Confirmed: project sprite animation/species art generated by author with PixelLab workflow; prompts/job IDs not stored in repo
AlgoMon Animation	Convention load: CACHELON Evolved battle frame/manifest	AlgoMon/Assets/_AlgoMon/Sprites/CACHELON/Evolved/Defense/Cachelon_Evolved_Defense_14.png	Confirmed: project sprite animation/species art generated by author with PixelLab workflow; prompts/job IDs not stored in repo
AlgoMon Animation	Convention load: CACHELON Evolved battle frame/manifest	AlgoMon/Assets/_AlgoMon/Sprites/CACHELON/Evolved/Defense/Cachelon_Evolved_Defense_15.png	Confirmed: project sprite animation/species art generated by author with PixelLab workflow; prompts/job IDs not stored in repo
AlgoMon Animation	Convention load: CACHELON Evolved battle frame/manifest	AlgoMon/Assets/_AlgoMon/Sprites/CACHELON/Evolved/Defense/Cachelon_Evolved_Defense_16.png	Confirmed: project sprite animation/species art generated by author with PixelLab workflow; prompts/job IDs not stored in repo
AlgoMon Animation	Convention load: CACHELON Evolved battle frame/manifest	AlgoMon/Assets/_AlgoMon/Sprites/CACHELON/Evolved/Defense/Cachelon_Evolved_Defense_17.png	Confirmed: project sprite animation/species art generated by author with PixelLab workflow; prompts/job IDs not stored in repo
AlgoMon Animation	Convention load: CACHELON Evolved battle frame/manifest	AlgoMon/Assets/_AlgoMon/Sprites/CACHELON/Evolved/Defense/Cachelon_Evolved_Defense_18.png	Confirmed: project sprite animation/species art generated by author with PixelLab workflow; prompts/job IDs not stored in repo
AlgoMon Animation	Convention load: CACHELON Evolved battle frame/manifest	AlgoMon/Assets/_AlgoMon/Sprites/CACHELON/Evolved/Defense/Cachelon_Evolved_Defense_19.png	Confirmed: project sprite animation/species art generated by author with PixelLab workflow; prompts/job IDs not stored in repo
AlgoMon Animation	Convention load: CACHELON Evolved battle frame/manifest	AlgoMon/Assets/_AlgoMon/Sprites/CACHELON/Evolved/Faint/Cachelon_Evolved_Faint_01.png	Confirmed: project sprite animation/species art generated by author with PixelLab workflow; prompts/job IDs not stored in repo
AlgoMon Animation	Convention load: CACHELON Evolved battle frame/manifest	AlgoMon/Assets/_AlgoMon/Sprites/CACHELON/Evolved/Faint/Cachelon_Evolved_Faint_02.png	Confirmed: project sprite animation/species art generated by author with PixelLab workflow; prompts/job IDs not stored in repo
AlgoMon Animation	Convention load: CACHELON Evolved battle frame/manifest	AlgoMon/Assets/_AlgoMon/Sprites/CACHELON/Evolved/Faint/Cachelon_Evolved_Faint_03.png	Confirmed: project sprite animation/species art generated by author with PixelLab workflow; prompts/job IDs not stored in repo
AlgoMon Animation	Convention load: CACHELON Evolved battle frame/manifest	AlgoMon/Assets/_AlgoMon/Sprites/CACHELON/Evolved/Faint/Cachelon_Evolved_Faint_04.png	Confirmed: project sprite animation/species art generated by author with PixelLab workflow; prompts/job IDs not stored in repo
AlgoMon Animation	Convention load: CACHELON Evolved battle frame/manifest	AlgoMon/Assets/_AlgoMon/Sprites/CACHELON/Evolved/Faint/Cachelon_Evolved_Faint_05.png	Confirmed: project sprite animation/species art generated by author with PixelLab workflow; prompts/job IDs not stored in repo
AlgoMon Animation	Convention load: CACHELON Evolved battle frame/manifest	AlgoMon/Assets/_AlgoMon/Sprites/CACHELON/Evolved/Faint/Cachelon_Evolved_Faint_06.png	Confirmed: project sprite animation/species art generated by author with PixelLab workflow; prompts/job IDs not stored in repo
AlgoMon Animation	Convention load: CACHELON Evolved battle frame/manifest	AlgoMon/Assets/_AlgoMon/Sprites/CACHELON/Evolved/Faint/Cachelon_Evolved_Faint_07.png	Confirmed: project sprite animation/species art generated by author with PixelLab workflow; prompts/job IDs not stored in repo
AlgoMon Animation	Convention load: CACHELON Evolved battle frame/manifest	AlgoMon/Assets/_AlgoMon/Sprites/CACHELON/Evolved/Faint/Cachelon_Evolved_Faint_08.png	Confirmed: project sprite animation/species art generated by author with PixelLab workflow; prompts/job IDs not stored in repo
AlgoMon Animation	Convention load: CACHELON Evolved battle frame/manifest	AlgoMon/Assets/_AlgoMon/Sprites/CACHELON/Evolved/Faint/Cachelon_Evolved_Faint_09.png	Confirmed: project sprite animation/species art generated by author with PixelLab workflow; prompts/job IDs not stored in repo
AlgoMon Animation	Convention load: CACHELON Evolved battle frame/manifest	AlgoMon/Assets/_AlgoMon/Sprites/CACHELON/Evolved/Hit/Cachelon_Evolved_Hit_01.png	Confirmed: project sprite animation/species art generated by author with PixelLab workflow; prompts/job IDs not stored in repo
AlgoMon Animation	Convention load: CACHELON Evolved battle frame/manifest	AlgoMon/Assets/_AlgoMon/Sprites/CACHELON/Evolved/Hit/Cachelon_Evolved_Hit_02.png	Confirmed: project sprite animation/species art generated by author with PixelLab workflow; prompts/job IDs not stored in repo
AlgoMon Animation	Convention load: CACHELON Evolved battle frame/manifest	AlgoMon/Assets/_AlgoMon/Sprites/CACHELON/Evolved/Hit/Cachelon_Evolved_Hit_03.png	Confirmed: project sprite animation/species art generated by author with PixelLab workflow; prompts/job IDs not stored in repo
AlgoMon Animation	Convention load: CACHELON Evolved battle frame/manifest	AlgoMon/Assets/_AlgoMon/Sprites/CACHELON/Evolved/Hit/Cachelon_Evolved_Hit_04.png	Confirmed: project sprite animation/species art generated by author with PixelLab workflow; prompts/job IDs not stored in repo
AlgoMon Animation	Convention load: CACHELON Evolved battle frame/manifest	AlgoMon/Assets/_AlgoMon/Sprites/CACHELON/Evolved/Hit/Cachelon_Evolved_Hit_05.png	Confirmed: project sprite animation/species art generated by author with PixelLab workflow; prompts/job IDs not stored in repo
AlgoMon Animation	Convention load: CACHELON Evolved battle frame/manifest	AlgoMon/Assets/_AlgoMon/Sprites/CACHELON/Evolved/Hit/Cachelon_Evolved_Hit_06.png	Confirmed: project sprite animation/species art generated by author with PixelLab workflow; prompts/job IDs not stored in repo
AlgoMon Animation	Convention load: CACHELON Evolved battle frame/manifest	AlgoMon/Assets/_AlgoMon/Sprites/CACHELON/Evolved/Hit/Cachelon_Evolved_Hit_07.png	Confirmed: project sprite animation/species art generated by author with PixelLab workflow; prompts/job IDs not stored in repo
AlgoMon Animation	Convention load: CACHELON Evolved battle frame/manifest	AlgoMon/Assets/_AlgoMon/Sprites/CACHELON/Evolved/Hit/Cachelon_Evolved_Hit_08.png	Confirmed: project sprite animation/species art generated by author with PixelLab workflow; prompts/job IDs not stored in repo
AlgoMon Animation	Convention load: CACHELON Evolved battle frame/manifest	AlgoMon/Assets/_AlgoMon/Sprites/CACHELON/Evolved/Hit/Cachelon_Evolved_Hit_09.png	Confirmed: project sprite animation/species art generated by author with PixelLab workflow; prompts/job IDs not stored in repo
AlgoMon Animation	Convention load: CACHELON Evolved battle frame/manifest	AlgoMon/Assets/_AlgoMon/Sprites/CACHELON/Evolved/Idle/Cachelon_Evolved_Idle_01.png	Confirmed: project sprite animation/species art generated by author with PixelLab workflow; prompts/job IDs not stored in repo
AlgoMon Animation	Convention load: CACHELON Evolved battle frame/manifest	AlgoMon/Assets/_AlgoMon/Sprites/CACHELON/Evolved/Idle/Cachelon_Evolved_Idle_02.png	Confirmed: project sprite animation/species art generated by author with PixelLab workflow; prompts/job IDs not stored in repo
AlgoMon Animation	Convention load: CACHELON Evolved battle frame/manifest	AlgoMon/Assets/_AlgoMon/Sprites/CACHELON/Evolved/Idle/Cachelon_Evolved_Idle_03.png	Confirmed: project sprite animation/species art generated by author with PixelLab workflow; prompts/job IDs not stored in repo
AlgoMon Animation	Convention load: CACHELON Evolved battle frame/manifest	AlgoMon/Assets/_AlgoMon/Sprites/CACHELON/Evolved/Idle/Cachelon_Evolved_Idle_04.png	Confirmed: project sprite animation/species art generated by author with PixelLab workflow; prompts/job IDs not stored in repo
AlgoMon Animation	Convention load: CACHELON Evolved battle frame/manifest	AlgoMon/Assets/_AlgoMon/Sprites/CACHELON/Evolved/Idle/Cachelon_Evolved_Idle_05.png	Confirmed: project sprite animation/species art generated by author with PixelLab workflow; prompts/job IDs not stored in repo
AlgoMon Animation	Convention load: CACHELON Evolved battle frame/manifest	AlgoMon/Assets/_AlgoMon/Sprites/CACHELON/Evolved/Idle/Cachelon_Evolved_Idle_06.png	Confirmed: project sprite animation/species art generated by author with PixelLab workflow; prompts/job IDs not stored in repo
AlgoMon Animation	Convention load: CACHELON Evolved battle frame/manifest	AlgoMon/Assets/_AlgoMon/Sprites/CACHELON/Evolved/Idle/Cachelon_Evolved_Idle_07.png	Confirmed: project sprite animation/species art generated by author with PixelLab workflow; prompts/job IDs not stored in repo
AlgoMon Animation	Convention load: CACHELON Evolved battle frame/manifest	AlgoMon/Assets/_AlgoMon/Sprites/CACHELON/Evolved/Idle/Cachelon_Evolved_Idle_08.png	Confirmed: project sprite animation/species art generated by author with PixelLab workflow; prompts/job IDs not stored in repo
AlgoMon Animation	Convention load: CACHELON Evolved battle frame/manifest	AlgoMon/Assets/_AlgoMon/Sprites/CACHELON/Evolved/Idle/Cachelon_Evolved_Idle_09.png	Confirmed: project sprite animation/species art generated by author with PixelLab workflow; prompts/job IDs not stored in repo
AlgoMon Animation	Convention load: CACHELON Evolved battle frame/manifest	AlgoMon/Assets/_AlgoMon/Sprites/CACHELON/Evolved/Idle/Cachelon_Evolved_Idle_10.png	Confirmed: project sprite animation/species art generated by author with PixelLab workflow; prompts/job IDs not stored in repo
AlgoMon Animation	Convention load: CACHELON Evolved battle frame/manifest	AlgoMon/Assets/_AlgoMon/Sprites/CACHELON/Evolved/Idle/Cachelon_Evolved_Idle_11.png	Confirmed: project sprite animation/species art generated by author with PixelLab workflow; prompts/job IDs not stored in repo
AlgoMon Animation	Convention load: CACHELON Evolved battle frame/manifest	AlgoMon/Assets/_AlgoMon/Sprites/CACHELON/Evolved/Status/Cachelon_Evolved_Status_01.png	Confirmed: project sprite animation/species art generated by author with PixelLab workflow; prompts/job IDs not stored in repo
AlgoMon Animation	Convention load: CACHELON Evolved battle frame/manifest	AlgoMon/Assets/_AlgoMon/Sprites/CACHELON/Evolved/Status/Cachelon_Evolved_Status_02.png	Confirmed: project sprite animation/species art generated by author with PixelLab workflow; prompts/job IDs not stored in repo
AlgoMon Animation	Convention load: CACHELON Evolved battle frame/manifest	AlgoMon/Assets/_AlgoMon/Sprites/CACHELON/Evolved/Status/Cachelon_Evolved_Status_03.png	Confirmed: project sprite animation/species art generated by author with PixelLab workflow; prompts/job IDs not stored in repo
AlgoMon Animation	Convention load: CACHELON Evolved battle frame/manifest	AlgoMon/Assets/_AlgoMon/Sprites/CACHELON/Evolved/Status/Cachelon_Evolved_Status_04.png	Confirmed: project sprite animation/species art generated by author with PixelLab workflow; prompts/job IDs not stored in repo
AlgoMon Animation	Convention load: CACHELON Evolved battle frame/manifest	AlgoMon/Assets/_AlgoMon/Sprites/CACHELON/Evolved/Status/Cachelon_Evolved_Status_05.png	Confirmed: project sprite animation/species art generated by author with PixelLab workflow; prompts/job IDs not stored in repo
AlgoMon Animation	Convention load: CACHELON Evolved battle frame/manifest	AlgoMon/Assets/_AlgoMon/Sprites/CACHELON/Evolved/Status/Cachelon_Evolved_Status_06.png	Confirmed: project sprite animation/species art generated by author with PixelLab workflow; prompts/job IDs not stored in repo
AlgoMon Animation	Convention load: CACHELON Evolved battle frame/manifest	AlgoMon/Assets/_AlgoMon/Sprites/CACHELON/Evolved/Status/Cachelon_Evolved_Status_07.png	Confirmed: project sprite animation/species art generated by author with PixelLab workflow; prompts/job IDs not stored in repo
AlgoMon Animation	Convention load: CACHELON Evolved battle frame/manifest	AlgoMon/Assets/_AlgoMon/Sprites/CACHELON/Evolved/Status/Cachelon_Evolved_Status_08.png	Confirmed: project sprite animation/species art generated by author with PixelLab workflow; prompts/job IDs not stored in repo
AlgoMon Animation	Convention load: CACHELON Evolved battle frame/manifest	AlgoMon/Assets/_AlgoMon/Sprites/CACHELON/Evolved/Status/Cachelon_Evolved_Status_09.png	Confirmed: project sprite animation/species art generated by author with PixelLab workflow; prompts/job IDs not stored in repo
AlgoMon Animation	Convention load: CACHELON Evolved battle frame/manifest	AlgoMon/Assets/_AlgoMon/Sprites/CACHELON/Evolved/Status/Cachelon_Evolved_Status_10.png	Confirmed: project sprite animation/species art generated by author with PixelLab workflow; prompts/job IDs not stored in repo
AlgoMon Animation	Convention load: CACHELON Evolved battle frame/manifest	AlgoMon/Assets/_AlgoMon/Sprites/CACHELON/Evolved/Status/Cachelon_Evolved_Status_11.png	Confirmed: project sprite animation/species art generated by author with PixelLab workflow; prompts/job IDs not stored in repo
AlgoMon Animation	Convention load: CACHELON Evolved battle frame/manifest	AlgoMon/Assets/_AlgoMon/Sprites/CACHELON/Evolved/Status/Cachelon_Evolved_Status_12.png	Confirmed: project sprite animation/species art generated by author with PixelLab workflow; prompts/job IDs not stored in repo
AlgoMon Animation	Convention load: CACHELON Evolved battle frame/manifest	AlgoMon/Assets/_AlgoMon/Sprites/CACHELON/Evolved/Status/Cachelon_Evolved_Status_13.png	Confirmed: project sprite animation/species art generated by author with PixelLab workflow; prompts/job IDs not stored in repo
AlgoMon Animation	Convention load: CACHELON Evolved battle frame/manifest	AlgoMon/Assets/_AlgoMon/Sprites/CACHELON/Evolved/Status/Cachelon_Evolved_Status_14.png	Confirmed: project sprite animation/species art generated by author with PixelLab workflow; prompts/job IDs not stored in repo
AlgoMon Animation	Convention load: HEAPION Base battle frame/manifest	AlgoMon/Assets/_AlgoMon/Sprites/HEAPION/Base/Attack/Heapion_Base_Attack_01.png	Confirmed: project sprite animation/species art generated by author with PixelLab workflow; prompts/job IDs not stored in repo
AlgoMon Animation	Convention load: HEAPION Base battle frame/manifest	AlgoMon/Assets/_AlgoMon/Sprites/HEAPION/Base/Attack/Heapion_Base_Attack_02.png	Confirmed: project sprite animation/species art generated by author with PixelLab workflow; prompts/job IDs not stored in repo
AlgoMon Animation	Convention load: HEAPION Base battle frame/manifest	AlgoMon/Assets/_AlgoMon/Sprites/HEAPION/Base/Attack/Heapion_Base_Attack_03.png	Confirmed: project sprite animation/species art generated by author with PixelLab workflow; prompts/job IDs not stored in repo
AlgoMon Animation	Convention load: HEAPION Base battle frame/manifest	AlgoMon/Assets/_AlgoMon/Sprites/HEAPION/Base/Attack/Heapion_Base_Attack_04.png	Confirmed: project sprite animation/species art generated by author with PixelLab workflow; prompts/job IDs not stored in repo
AlgoMon Animation	Convention load: HEAPION Base battle frame/manifest	AlgoMon/Assets/_AlgoMon/Sprites/HEAPION/Base/Attack/Heapion_Base_Attack_05.png	Confirmed: project sprite animation/species art generated by author with PixelLab workflow; prompts/job IDs not stored in repo
AlgoMon Animation	Convention load: HEAPION Base battle frame/manifest	AlgoMon/Assets/_AlgoMon/Sprites/HEAPION/Base/Attack/Heapion_Base_Attack_06.png	Confirmed: project sprite animation/species art generated by author with PixelLab workflow; prompts/job IDs not stored in repo
AlgoMon Animation	Convention load: HEAPION Base battle frame/manifest	AlgoMon/Assets/_AlgoMon/Sprites/HEAPION/Base/Attack/Heapion_Base_Attack_07.png	Confirmed: project sprite animation/species art generated by author with PixelLab workflow; prompts/job IDs not stored in repo
AlgoMon Animation	Convention load: HEAPION Base battle frame/manifest	AlgoMon/Assets/_AlgoMon/Sprites/HEAPION/Base/Attack/Heapion_Base_Attack_08.png	Confirmed: project sprite animation/species art generated by author with PixelLab workflow; prompts/job IDs not stored in repo
AlgoMon Animation	Convention load: HEAPION Base battle frame/manifest	AlgoMon/Assets/_AlgoMon/Sprites/HEAPION/Base/Attack/Heapion_Base_Attack_09.png	Confirmed: project sprite animation/species art generated by author with PixelLab workflow; prompts/job IDs not stored in repo
AlgoMon Animation	Convention load: HEAPION Base battle frame/manifest	AlgoMon/Assets/_AlgoMon/Sprites/HEAPION/Base/Attack/Heapion_Base_Attack_10.png	Confirmed: project sprite animation/species art generated by author with PixelLab workflow; prompts/job IDs not stored in repo
AlgoMon Animation	Convention load: HEAPION Base battle frame/manifest	AlgoMon/Assets/_AlgoMon/Sprites/HEAPION/Base/Attack/Heapion_Base_Attack_11.png	Confirmed: project sprite animation/species art generated by author with PixelLab workflow; prompts/job IDs not stored in repo
AlgoMon Animation	Convention load: HEAPION Base battle frame/manifest	AlgoMon/Assets/_AlgoMon/Sprites/HEAPION/Base/Attack/Heapion_Base_Attack_12.png	Confirmed: project sprite animation/species art generated by author with PixelLab workflow; prompts/job IDs not stored in repo
AlgoMon Animation	Convention load: HEAPION Base battle frame/manifest	AlgoMon/Assets/_AlgoMon/Sprites/HEAPION/Base/Attack/Heapion_Base_Attack_13.png	Confirmed: project sprite animation/species art generated by author with PixelLab workflow; prompts/job IDs not stored in repo
AlgoMon Animation	Convention load: HEAPION Base battle frame/manifest	AlgoMon/Assets/_AlgoMon/Sprites/HEAPION/Base/Attack/Heapion_Base_Attack_14.png	Confirmed: project sprite animation/species art generated by author with PixelLab workflow; prompts/job IDs not stored in repo
AlgoMon Animation	Convention load: HEAPION Base battle frame/manifest	AlgoMon/Assets/_AlgoMon/Sprites/HEAPION/Base/Attack/Heapion_Base_Attack_15.png	Confirmed: project sprite animation/species art generated by author with PixelLab workflow; prompts/job IDs not stored in repo
AlgoMon Animation	Convention load: HEAPION Base battle frame/manifest	AlgoMon/Assets/_AlgoMon/Sprites/HEAPION/Base/Attack/Heapion_Base_Attack_16.png	Confirmed: project sprite animation/species art generated by author with PixelLab workflow; prompts/job IDs not stored in repo
AlgoMon Animation	Convention load: HEAPION Base battle frame/manifest	AlgoMon/Assets/_AlgoMon/Sprites/HEAPION/Base/Attack/Heapion_Base_Attack_17.png	Confirmed: project sprite animation/species art generated by author with PixelLab workflow; prompts/job IDs not stored in repo
AlgoMon Animation	Convention load: HEAPION Base battle frame/manifest	AlgoMon/Assets/_AlgoMon/Sprites/HEAPION/Base/Attack/Heapion_Base_Attack_18.png	Confirmed: project sprite animation/species art generated by author with PixelLab workflow; prompts/job IDs not stored in repo
AlgoMon Animation	Convention load: HEAPION Base battle frame/manifest	AlgoMon/Assets/_AlgoMon/Sprites/HEAPION/Base/Attack/Heapion_Base_Attack_19.png	Confirmed: project sprite animation/species art generated by author with PixelLab workflow; prompts/job IDs not stored in repo
AlgoMon Animation	Convention load: HEAPION Base battle frame/manifest	AlgoMon/Assets/_AlgoMon/Sprites/HEAPION/Base/Attack/Heapion_Base_Attack_20.png	Confirmed: project sprite animation/species art generated by author with PixelLab workflow; prompts/job IDs not stored in repo
AlgoMon Animation	Convention load: HEAPION Base battle frame/manifest	AlgoMon/Assets/_AlgoMon/Sprites/HEAPION/Base/Attack/Heapion_Base_Attack_21.png	Confirmed: project sprite animation/species art generated by author with PixelLab workflow; prompts/job IDs not stored in repo
AlgoMon Animation	Convention load: HEAPION Base battle frame/manifest	AlgoMon/Assets/_AlgoMon/Sprites/HEAPION/Base/Attack/Heapion_Base_Attack_22.png	Confirmed: project sprite animation/species art generated by author with PixelLab workflow; prompts/job IDs not stored in repo
AlgoMon Animation	Convention load: HEAPION Base battle frame/manifest	AlgoMon/Assets/_AlgoMon/Sprites/HEAPION/Base/Attack/Heapion_Base_Attack_23.png	Confirmed: project sprite animation/species art generated by author with PixelLab workflow; prompts/job IDs not stored in repo
AlgoMon Animation	Convention load: HEAPION Base battle frame/manifest	AlgoMon/Assets/_AlgoMon/Sprites/HEAPION/Base/battle_animation_manifest.json	Confirmed: project sprite animation/species art generated by author with PixelLab workflow; prompts/job IDs not stored in repo
AlgoMon Animation	Convention load: HEAPION Base battle frame/manifest	AlgoMon/Assets/_AlgoMon/Sprites/HEAPION/Base/Defense/Heapion_Base_Defense_01.png	Confirmed: project sprite animation/species art generated by author with PixelLab workflow; prompts/job IDs not stored in repo
AlgoMon Animation	Convention load: HEAPION Base battle frame/manifest	AlgoMon/Assets/_AlgoMon/Sprites/HEAPION/Base/Defense/Heapion_Base_Defense_02.png	Confirmed: project sprite animation/species art generated by author with PixelLab workflow; prompts/job IDs not stored in repo
AlgoMon Animation	Convention load: HEAPION Base battle frame/manifest	AlgoMon/Assets/_AlgoMon/Sprites/HEAPION/Base/Defense/Heapion_Base_Defense_03.png	Confirmed: project sprite animation/species art generated by author with PixelLab workflow; prompts/job IDs not stored in repo
AlgoMon Animation	Convention load: HEAPION Base battle frame/manifest	AlgoMon/Assets/_AlgoMon/Sprites/HEAPION/Base/Defense/Heapion_Base_Defense_04.png	Confirmed: project sprite animation/species art generated by author with PixelLab workflow; prompts/job IDs not stored in repo
AlgoMon Animation	Convention load: HEAPION Base battle frame/manifest	AlgoMon/Assets/_AlgoMon/Sprites/HEAPION/Base/Defense/Heapion_Base_Defense_05.png	Confirmed: project sprite animation/species art generated by author with PixelLab workflow; prompts/job IDs not stored in repo
AlgoMon Animation	Convention load: HEAPION Base battle frame/manifest	AlgoMon/Assets/_AlgoMon/Sprites/HEAPION/Base/Defense/Heapion_Base_Defense_06.png	Confirmed: project sprite animation/species art generated by author with PixelLab workflow; prompts/job IDs not stored in repo
AlgoMon Animation	Convention load: HEAPION Base battle frame/manifest	AlgoMon/Assets/_AlgoMon/Sprites/HEAPION/Base/Defense/Heapion_Base_Defense_07.png	Confirmed: project sprite animation/species art generated by author with PixelLab workflow; prompts/job IDs not stored in repo
AlgoMon Animation	Convention load: HEAPION Base battle frame/manifest	AlgoMon/Assets/_AlgoMon/Sprites/HEAPION/Base/Defense/Heapion_Base_Defense_08.png	Confirmed: project sprite animation/species art generated by author with PixelLab workflow; prompts/job IDs not stored in repo
AlgoMon Animation	Convention load: HEAPION Base battle frame/manifest	AlgoMon/Assets/_AlgoMon/Sprites/HEAPION/Base/Defense/Heapion_Base_Defense_09.png	Confirmed: project sprite animation/species art generated by author with PixelLab workflow; prompts/job IDs not stored in repo
AlgoMon Animation	Convention load: HEAPION Base battle frame/manifest	AlgoMon/Assets/_AlgoMon/Sprites/HEAPION/Base/Defense/Heapion_Base_Defense_10.png	Confirmed: project sprite animation/species art generated by author with PixelLab workflow; prompts/job IDs not stored in repo
AlgoMon Animation	Convention load: HEAPION Base battle frame/manifest	AlgoMon/Assets/_AlgoMon/Sprites/HEAPION/Base/Defense/Heapion_Base_Defense_11.png	Confirmed: project sprite animation/species art generated by author with PixelLab workflow; prompts/job IDs not stored in repo
AlgoMon Animation	Convention load: HEAPION Base battle frame/manifest	AlgoMon/Assets/_AlgoMon/Sprites/HEAPION/Base/Defense/Heapion_Base_Defense_12.png	Confirmed: project sprite animation/species art generated by author with PixelLab workflow; prompts/job IDs not stored in repo
AlgoMon Animation	Convention load: HEAPION Base battle frame/manifest	AlgoMon/Assets/_AlgoMon/Sprites/HEAPION/Base/Defense/Heapion_Base_Defense_13.png	Confirmed: project sprite animation/species art generated by author with PixelLab workflow; prompts/job IDs not stored in repo
AlgoMon Animation	Convention load: HEAPION Base battle frame/manifest	AlgoMon/Assets/_AlgoMon/Sprites/HEAPION/Base/Faint/Heapion_Base_Faint_01.png	Confirmed: project sprite animation/species art generated by author with PixelLab workflow; prompts/job IDs not stored in repo
AlgoMon Animation	Convention load: HEAPION Base battle frame/manifest	AlgoMon/Assets/_AlgoMon/Sprites/HEAPION/Base/Faint/Heapion_Base_Faint_02.png	Confirmed: project sprite animation/species art generated by author with PixelLab workflow; prompts/job IDs not stored in repo
AlgoMon Animation	Convention load: HEAPION Base battle frame/manifest	AlgoMon/Assets/_AlgoMon/Sprites/HEAPION/Base/Faint/Heapion_Base_Faint_03.png	Confirmed: project sprite animation/species art generated by author with PixelLab workflow; prompts/job IDs not stored in repo
AlgoMon Animation	Convention load: HEAPION Base battle frame/manifest	AlgoMon/Assets/_AlgoMon/Sprites/HEAPION/Base/Faint/Heapion_Base_Faint_04.png	Confirmed: project sprite animation/species art generated by author with PixelLab workflow; prompts/job IDs not stored in repo
AlgoMon Animation	Convention load: HEAPION Base battle frame/manifest	AlgoMon/Assets/_AlgoMon/Sprites/HEAPION/Base/Faint/Heapion_Base_Faint_05.png	Confirmed: project sprite animation/species art generated by author with PixelLab workflow; prompts/job IDs not stored in repo
AlgoMon Animation	Convention load: HEAPION Base battle frame/manifest	AlgoMon/Assets/_AlgoMon/Sprites/HEAPION/Base/Faint/Heapion_Base_Faint_06.png	Confirmed: project sprite animation/species art generated by author with PixelLab workflow; prompts/job IDs not stored in repo
AlgoMon Animation	Convention load: HEAPION Base battle frame/manifest	AlgoMon/Assets/_AlgoMon/Sprites/HEAPION/Base/Faint/Heapion_Base_Faint_07.png	Confirmed: project sprite animation/species art generated by author with PixelLab workflow; prompts/job IDs not stored in repo
AlgoMon Animation	Convention load: HEAPION Base battle frame/manifest	AlgoMon/Assets/_AlgoMon/Sprites/HEAPION/Base/Faint/Heapion_Base_Faint_08.png	Confirmed: project sprite animation/species art generated by author with PixelLab workflow; prompts/job IDs not stored in repo
AlgoMon Animation	Convention load: HEAPION Base battle frame/manifest	AlgoMon/Assets/_AlgoMon/Sprites/HEAPION/Base/Faint/Heapion_Base_Faint_09.png	Confirmed: project sprite animation/species art generated by author with PixelLab workflow; prompts/job IDs not stored in repo
AlgoMon Animation	Convention load: HEAPION Base battle frame/manifest	AlgoMon/Assets/_AlgoMon/Sprites/HEAPION/Base/Hit/Heapion_Base_Hit_01.png	Confirmed: project sprite animation/species art generated by author with PixelLab workflow; prompts/job IDs not stored in repo
AlgoMon Animation	Convention load: HEAPION Base battle frame/manifest	AlgoMon/Assets/_AlgoMon/Sprites/HEAPION/Base/Hit/Heapion_Base_Hit_02.png	Confirmed: project sprite animation/species art generated by author with PixelLab workflow; prompts/job IDs not stored in repo
AlgoMon Animation	Convention load: HEAPION Base battle frame/manifest	AlgoMon/Assets/_AlgoMon/Sprites/HEAPION/Base/Hit/Heapion_Base_Hit_03.png	Confirmed: project sprite animation/species art generated by author with PixelLab workflow; prompts/job IDs not stored in repo
AlgoMon Animation	Convention load: HEAPION Base battle frame/manifest	AlgoMon/Assets/_AlgoMon/Sprites/HEAPION/Base/Hit/Heapion_Base_Hit_04.png	Confirmed: project sprite animation/species art generated by author with PixelLab workflow; prompts/job IDs not stored in repo
AlgoMon Animation	Convention load: HEAPION Base battle frame/manifest	AlgoMon/Assets/_AlgoMon/Sprites/HEAPION/Base/Hit/Heapion_Base_Hit_05.png	Confirmed: project sprite animation/species art generated by author with PixelLab workflow; prompts/job IDs not stored in repo
AlgoMon Animation	Convention load: HEAPION Base battle frame/manifest	AlgoMon/Assets/_AlgoMon/Sprites/HEAPION/Base/Hit/Heapion_Base_Hit_06.png	Confirmed: project sprite animation/species art generated by author with PixelLab workflow; prompts/job IDs not stored in repo
AlgoMon Animation	Convention load: HEAPION Base battle frame/manifest	AlgoMon/Assets/_AlgoMon/Sprites/HEAPION/Base/Hit/Heapion_Base_Hit_07.png	Confirmed: project sprite animation/species art generated by author with PixelLab workflow; prompts/job IDs not stored in repo
AlgoMon Animation	Convention load: HEAPION Base battle frame/manifest	AlgoMon/Assets/_AlgoMon/Sprites/HEAPION/Base/Hit/Heapion_Base_Hit_08.png	Confirmed: project sprite animation/species art generated by author with PixelLab workflow; prompts/job IDs not stored in repo
AlgoMon Animation	Convention load: HEAPION Base battle frame/manifest	AlgoMon/Assets/_AlgoMon/Sprites/HEAPION/Base/Hit/Heapion_Base_Hit_09.png	Confirmed: project sprite animation/species art generated by author with PixelLab workflow; prompts/job IDs not stored in repo
AlgoMon Animation	Convention load: HEAPION Base battle frame/manifest	AlgoMon/Assets/_AlgoMon/Sprites/HEAPION/Base/Idle/Heapion_Base_Idle_01.png	Confirmed: project sprite animation/species art generated by author with PixelLab workflow; prompts/job IDs not stored in repo
AlgoMon Animation	Convention load: HEAPION Base battle frame/manifest	AlgoMon/Assets/_AlgoMon/Sprites/HEAPION/Base/Idle/Heapion_Base_Idle_02.png	Confirmed: project sprite animation/species art generated by author with PixelLab workflow; prompts/job IDs not stored in repo
AlgoMon Animation	Convention load: HEAPION Base battle frame/manifest	AlgoMon/Assets/_AlgoMon/Sprites/HEAPION/Base/Idle/Heapion_Base_Idle_03.png	Confirmed: project sprite animation/species art generated by author with PixelLab workflow; prompts/job IDs not stored in repo
AlgoMon Animation	Convention load: HEAPION Base battle frame/manifest	AlgoMon/Assets/_AlgoMon/Sprites/HEAPION/Base/Idle/Heapion_Base_Idle_04.png	Confirmed: project sprite animation/species art generated by author with PixelLab workflow; prompts/job IDs not stored in repo
AlgoMon Animation	Convention load: HEAPION Base battle frame/manifest	AlgoMon/Assets/_AlgoMon/Sprites/HEAPION/Base/Idle/Heapion_Base_Idle_05.png	Confirmed: project sprite animation/species art generated by author with PixelLab workflow; prompts/job IDs not stored in repo
AlgoMon Animation	Convention load: HEAPION Base battle frame/manifest	AlgoMon/Assets/_AlgoMon/Sprites/HEAPION/Base/Idle/Heapion_Base_Idle_06.png	Confirmed: project sprite animation/species art generated by author with PixelLab workflow; prompts/job IDs not stored in repo
AlgoMon Animation	Convention load: HEAPION Base battle frame/manifest	AlgoMon/Assets/_AlgoMon/Sprites/HEAPION/Base/Idle/Heapion_Base_Idle_07.png	Confirmed: project sprite animation/species art generated by author with PixelLab workflow; prompts/job IDs not stored in repo
AlgoMon Animation	Convention load: HEAPION Base battle frame/manifest	AlgoMon/Assets/_AlgoMon/Sprites/HEAPION/Base/Idle/Heapion_Base_Idle_08.png	Confirmed: project sprite animation/species art generated by author with PixelLab workflow; prompts/job IDs not stored in repo
AlgoMon Animation	Convention load: HEAPION Base battle frame/manifest	AlgoMon/Assets/_AlgoMon/Sprites/HEAPION/Base/Idle/Heapion_Base_Idle_09.png	Confirmed: project sprite animation/species art generated by author with PixelLab workflow; prompts/job IDs not stored in repo
AlgoMon Animation	Convention load: HEAPION Base battle frame/manifest	AlgoMon/Assets/_AlgoMon/Sprites/HEAPION/Base/Idle/Heapion_Base_Idle_10.png	Confirmed: project sprite animation/species art generated by author with PixelLab workflow; prompts/job IDs not stored in repo
AlgoMon Animation	Convention load: HEAPION Base battle frame/manifest	AlgoMon/Assets/_AlgoMon/Sprites/HEAPION/Base/Idle/Heapion_Base_Idle_11.png	Confirmed: project sprite animation/species art generated by author with PixelLab workflow; prompts/job IDs not stored in repo
AlgoMon Animation	Convention load: HEAPION Base battle frame/manifest	AlgoMon/Assets/_AlgoMon/Sprites/HEAPION/Base/Status/Heapion_Base_Status_01.png	Confirmed: project sprite animation/species art generated by author with PixelLab workflow; prompts/job IDs not stored in repo
AlgoMon Animation	Convention load: HEAPION Base battle frame/manifest	AlgoMon/Assets/_AlgoMon/Sprites/HEAPION/Base/Status/Heapion_Base_Status_02.png	Confirmed: project sprite animation/species art generated by author with PixelLab workflow; prompts/job IDs not stored in repo
AlgoMon Animation	Convention load: HEAPION Base battle frame/manifest	AlgoMon/Assets/_AlgoMon/Sprites/HEAPION/Base/Status/Heapion_Base_Status_03.png	Confirmed: project sprite animation/species art generated by author with PixelLab workflow; prompts/job IDs not stored in repo
AlgoMon Animation	Convention load: HEAPION Base battle frame/manifest	AlgoMon/Assets/_AlgoMon/Sprites/HEAPION/Base/Status/Heapion_Base_Status_04.png	Confirmed: project sprite animation/species art generated by author with PixelLab workflow; prompts/job IDs not stored in repo
AlgoMon Animation	Convention load: HEAPION Base battle frame/manifest	AlgoMon/Assets/_AlgoMon/Sprites/HEAPION/Base/Status/Heapion_Base_Status_05.png	Confirmed: project sprite animation/species art generated by author with PixelLab workflow; prompts/job IDs not stored in repo
AlgoMon Animation	Convention load: HEAPION Base battle frame/manifest	AlgoMon/Assets/_AlgoMon/Sprites/HEAPION/Base/Status/Heapion_Base_Status_06.png	Confirmed: project sprite animation/species art generated by author with PixelLab workflow; prompts/job IDs not stored in repo
AlgoMon Animation	Convention load: HEAPION Base battle frame/manifest	AlgoMon/Assets/_AlgoMon/Sprites/HEAPION/Base/Status/Heapion_Base_Status_07.png	Confirmed: project sprite animation/species art generated by author with PixelLab workflow; prompts/job IDs not stored in repo
AlgoMon Animation	Convention load: HEAPION Base battle frame/manifest	AlgoMon/Assets/_AlgoMon/Sprites/HEAPION/Base/Status/Heapion_Base_Status_08.png	Confirmed: project sprite animation/species art generated by author with PixelLab workflow; prompts/job IDs not stored in repo
AlgoMon Animation	Convention load: HEAPION Base battle frame/manifest	AlgoMon/Assets/_AlgoMon/Sprites/HEAPION/Base/Status/Heapion_Base_Status_09.png	Confirmed: project sprite animation/species art generated by author with PixelLab workflow; prompts/job IDs not stored in repo
AlgoMon Animation	Convention load: HEAPION Base battle frame/manifest	AlgoMon/Assets/_AlgoMon/Sprites/HEAPION/Base/Status/Heapion_Base_Status_10.png	Confirmed: project sprite animation/species art generated by author with PixelLab workflow; prompts/job IDs not stored in repo
AlgoMon Animation	Convention load: HEAPION Base battle frame/manifest	AlgoMon/Assets/_AlgoMon/Sprites/HEAPION/Base/Status/Heapion_Base_Status_11.png	Confirmed: project sprite animation/species art generated by author with PixelLab workflow; prompts/job IDs not stored in repo
AlgoMon Animation	Convention load: HEAPION Evolved battle frame/manifest	AlgoMon/Assets/_AlgoMon/Sprites/HEAPION/Evolved/Attack/Heapion_Evolved_Attack_01.png	Confirmed: project sprite animation/species art generated by author with PixelLab workflow; prompts/job IDs not stored in repo
AlgoMon Animation	Convention load: HEAPION Evolved battle frame/manifest	AlgoMon/Assets/_AlgoMon/Sprites/HEAPION/Evolved/Attack/Heapion_Evolved_Attack_02.png	Confirmed: project sprite animation/species art generated by author with PixelLab workflow; prompts/job IDs not stored in repo
AlgoMon Animation	Convention load: HEAPION Evolved battle frame/manifest	AlgoMon/Assets/_AlgoMon/Sprites/HEAPION/Evolved/Attack/Heapion_Evolved_Attack_03.png	Confirmed: project sprite animation/species art generated by author with PixelLab workflow; prompts/job IDs not stored in repo
AlgoMon Animation	Convention load: HEAPION Evolved battle frame/manifest	AlgoMon/Assets/_AlgoMon/Sprites/HEAPION/Evolved/Attack/Heapion_Evolved_Attack_04.png	Confirmed: project sprite animation/species art generated by author with PixelLab workflow; prompts/job IDs not stored in repo
AlgoMon Animation	Convention load: HEAPION Evolved battle frame/manifest	AlgoMon/Assets/_AlgoMon/Sprites/HEAPION/Evolved/Attack/Heapion_Evolved_Attack_05.png	Confirmed: project sprite animation/species art generated by author with PixelLab workflow; prompts/job IDs not stored in repo
AlgoMon Animation	Convention load: HEAPION Evolved battle frame/manifest	AlgoMon/Assets/_AlgoMon/Sprites/HEAPION/Evolved/Attack/Heapion_Evolved_Attack_06.png	Confirmed: project sprite animation/species art generated by author with PixelLab workflow; prompts/job IDs not stored in repo
AlgoMon Animation	Convention load: HEAPION Evolved battle frame/manifest	AlgoMon/Assets/_AlgoMon/Sprites/HEAPION/Evolved/Attack/Heapion_Evolved_Attack_07.png	Confirmed: project sprite animation/species art generated by author with PixelLab workflow; prompts/job IDs not stored in repo
AlgoMon Animation	Convention load: HEAPION Evolved battle frame/manifest	AlgoMon/Assets/_AlgoMon/Sprites/HEAPION/Evolved/Attack/Heapion_Evolved_Attack_08.png	Confirmed: project sprite animation/species art generated by author with PixelLab workflow; prompts/job IDs not stored in repo
AlgoMon Animation	Convention load: HEAPION Evolved battle frame/manifest	AlgoMon/Assets/_AlgoMon/Sprites/HEAPION/Evolved/Attack/Heapion_Evolved_Attack_09.png	Confirmed: project sprite animation/species art generated by author with PixelLab workflow; prompts/job IDs not stored in repo
AlgoMon Animation	Convention load: HEAPION Evolved battle frame/manifest	AlgoMon/Assets/_AlgoMon/Sprites/HEAPION/Evolved/Attack/Heapion_Evolved_Attack_10.png	Confirmed: project sprite animation/species art generated by author with PixelLab workflow; prompts/job IDs not stored in repo
AlgoMon Animation	Convention load: HEAPION Evolved battle frame/manifest	AlgoMon/Assets/_AlgoMon/Sprites/HEAPION/Evolved/Attack/Heapion_Evolved_Attack_11.png	Confirmed: project sprite animation/species art generated by author with PixelLab workflow; prompts/job IDs not stored in repo
AlgoMon Animation	Convention load: HEAPION Evolved battle frame/manifest	AlgoMon/Assets/_AlgoMon/Sprites/HEAPION/Evolved/Attack/Heapion_Evolved_Attack_12.png	Confirmed: project sprite animation/species art generated by author with PixelLab workflow; prompts/job IDs not stored in repo
AlgoMon Animation	Convention load: HEAPION Evolved battle frame/manifest	AlgoMon/Assets/_AlgoMon/Sprites/HEAPION/Evolved/Attack/Heapion_Evolved_Attack_13.png	Confirmed: project sprite animation/species art generated by author with PixelLab workflow; prompts/job IDs not stored in repo
AlgoMon Animation	Convention load: HEAPION Evolved battle frame/manifest	AlgoMon/Assets/_AlgoMon/Sprites/HEAPION/Evolved/Attack/Heapion_Evolved_Attack_14.png	Confirmed: project sprite animation/species art generated by author with PixelLab workflow; prompts/job IDs not stored in repo
AlgoMon Animation	Convention load: HEAPION Evolved battle frame/manifest	AlgoMon/Assets/_AlgoMon/Sprites/HEAPION/Evolved/Attack/Heapion_Evolved_Attack_15.png	Confirmed: project sprite animation/species art generated by author with PixelLab workflow; prompts/job IDs not stored in repo
AlgoMon Animation	Convention load: HEAPION Evolved battle frame/manifest	AlgoMon/Assets/_AlgoMon/Sprites/HEAPION/Evolved/Attack/Heapion_Evolved_Attack_16.png	Confirmed: project sprite animation/species art generated by author with PixelLab workflow; prompts/job IDs not stored in repo
AlgoMon Animation	Convention load: HEAPION Evolved battle frame/manifest	AlgoMon/Assets/_AlgoMon/Sprites/HEAPION/Evolved/Attack/Heapion_Evolved_Attack_17.png	Confirmed: project sprite animation/species art generated by author with PixelLab workflow; prompts/job IDs not stored in repo
AlgoMon Animation	Convention load: HEAPION Evolved battle frame/manifest	AlgoMon/Assets/_AlgoMon/Sprites/HEAPION/Evolved/Attack/Heapion_Evolved_Attack_18.png	Confirmed: project sprite animation/species art generated by author with PixelLab workflow; prompts/job IDs not stored in repo
AlgoMon Animation	Convention load: HEAPION Evolved battle frame/manifest	AlgoMon/Assets/_AlgoMon/Sprites/HEAPION/Evolved/Attack/Heapion_Evolved_Attack_19.png	Confirmed: project sprite animation/species art generated by author with PixelLab workflow; prompts/job IDs not stored in repo
AlgoMon Animation	Convention load: HEAPION Evolved battle frame/manifest	AlgoMon/Assets/_AlgoMon/Sprites/HEAPION/Evolved/Attack/Heapion_Evolved_Attack_20.png	Confirmed: project sprite animation/species art generated by author with PixelLab workflow; prompts/job IDs not stored in repo
AlgoMon Animation	Convention load: HEAPION Evolved battle frame/manifest	AlgoMon/Assets/_AlgoMon/Sprites/HEAPION/Evolved/battle_animation_manifest.json	Confirmed: project sprite animation/species art generated by author with PixelLab workflow; prompts/job IDs not stored in repo
AlgoMon Animation	Convention load: HEAPION Evolved battle frame/manifest	AlgoMon/Assets/_AlgoMon/Sprites/HEAPION/Evolved/Defense/Heapion_Evolved_Defense_01.png	Confirmed: project sprite animation/species art generated by author with PixelLab workflow; prompts/job IDs not stored in repo
AlgoMon Animation	Convention load: HEAPION Evolved battle frame/manifest	AlgoMon/Assets/_AlgoMon/Sprites/HEAPION/Evolved/Defense/Heapion_Evolved_Defense_02.png	Confirmed: project sprite animation/species art generated by author with PixelLab workflow; prompts/job IDs not stored in repo
AlgoMon Animation	Convention load: HEAPION Evolved battle frame/manifest	AlgoMon/Assets/_AlgoMon/Sprites/HEAPION/Evolved/Defense/Heapion_Evolved_Defense_03.png	Confirmed: project sprite animation/species art generated by author with PixelLab workflow; prompts/job IDs not stored in repo
AlgoMon Animation	Convention load: HEAPION Evolved battle frame/manifest	AlgoMon/Assets/_AlgoMon/Sprites/HEAPION/Evolved/Defense/Heapion_Evolved_Defense_04.png	Confirmed: project sprite animation/species art generated by author with PixelLab workflow; prompts/job IDs not stored in repo
AlgoMon Animation	Convention load: HEAPION Evolved battle frame/manifest	AlgoMon/Assets/_AlgoMon/Sprites/HEAPION/Evolved/Defense/Heapion_Evolved_Defense_05.png	Confirmed: project sprite animation/species art generated by author with PixelLab workflow; prompts/job IDs not stored in repo
AlgoMon Animation	Convention load: HEAPION Evolved battle frame/manifest	AlgoMon/Assets/_AlgoMon/Sprites/HEAPION/Evolved/Defense/Heapion_Evolved_Defense_06.png	Confirmed: project sprite animation/species art generated by author with PixelLab workflow; prompts/job IDs not stored in repo
AlgoMon Animation	Convention load: HEAPION Evolved battle frame/manifest	AlgoMon/Assets/_AlgoMon/Sprites/HEAPION/Evolved/Defense/Heapion_Evolved_Defense_07.png	Confirmed: project sprite animation/species art generated by author with PixelLab workflow; prompts/job IDs not stored in repo
AlgoMon Animation	Convention load: HEAPION Evolved battle frame/manifest	AlgoMon/Assets/_AlgoMon/Sprites/HEAPION/Evolved/Defense/Heapion_Evolved_Defense_08.png	Confirmed: project sprite animation/species art generated by author with PixelLab workflow; prompts/job IDs not stored in repo
AlgoMon Animation	Convention load: HEAPION Evolved battle frame/manifest	AlgoMon/Assets/_AlgoMon/Sprites/HEAPION/Evolved/Defense/Heapion_Evolved_Defense_09.png	Confirmed: project sprite animation/species art generated by author with PixelLab workflow; prompts/job IDs not stored in repo
AlgoMon Animation	Convention load: HEAPION Evolved battle frame/manifest	AlgoMon/Assets/_AlgoMon/Sprites/HEAPION/Evolved/Defense/Heapion_Evolved_Defense_10.png	Confirmed: project sprite animation/species art generated by author with PixelLab workflow; prompts/job IDs not stored in repo
AlgoMon Animation	Convention load: HEAPION Evolved battle frame/manifest	AlgoMon/Assets/_AlgoMon/Sprites/HEAPION/Evolved/Defense/Heapion_Evolved_Defense_11.png	Confirmed: project sprite animation/species art generated by author with PixelLab workflow; prompts/job IDs not stored in repo
AlgoMon Animation	Convention load: HEAPION Evolved battle frame/manifest	AlgoMon/Assets/_AlgoMon/Sprites/HEAPION/Evolved/Defense/Heapion_Evolved_Defense_12.png	Confirmed: project sprite animation/species art generated by author with PixelLab workflow; prompts/job IDs not stored in repo
AlgoMon Animation	Convention load: HEAPION Evolved battle frame/manifest	AlgoMon/Assets/_AlgoMon/Sprites/HEAPION/Evolved/Defense/Heapion_Evolved_Defense_13.png	Confirmed: project sprite animation/species art generated by author with PixelLab workflow; prompts/job IDs not stored in repo
AlgoMon Animation	Convention load: HEAPION Evolved battle frame/manifest	AlgoMon/Assets/_AlgoMon/Sprites/HEAPION/Evolved/Defense/Heapion_Evolved_Defense_14.png	Confirmed: project sprite animation/species art generated by author with PixelLab workflow; prompts/job IDs not stored in repo
AlgoMon Animation	Convention load: HEAPION Evolved battle frame/manifest	AlgoMon/Assets/_AlgoMon/Sprites/HEAPION/Evolved/Defense/Heapion_Evolved_Defense_15.png	Confirmed: project sprite animation/species art generated by author with PixelLab workflow; prompts/job IDs not stored in repo
AlgoMon Animation	Convention load: HEAPION Evolved battle frame/manifest	AlgoMon/Assets/_AlgoMon/Sprites/HEAPION/Evolved/Defense/Heapion_Evolved_Defense_16.png	Confirmed: project sprite animation/species art generated by author with PixelLab workflow; prompts/job IDs not stored in repo
AlgoMon Animation	Convention load: HEAPION Evolved battle frame/manifest	AlgoMon/Assets/_AlgoMon/Sprites/HEAPION/Evolved/Defense/Heapion_Evolved_Defense_17.png	Confirmed: project sprite animation/species art generated by author with PixelLab workflow; prompts/job IDs not stored in repo
AlgoMon Animation	Convention load: HEAPION Evolved battle frame/manifest	AlgoMon/Assets/_AlgoMon/Sprites/HEAPION/Evolved/Faint/Heapion_Evolved_Faint_01.png	Confirmed: project sprite animation/species art generated by author with PixelLab workflow; prompts/job IDs not stored in repo
AlgoMon Animation	Convention load: HEAPION Evolved battle frame/manifest	AlgoMon/Assets/_AlgoMon/Sprites/HEAPION/Evolved/Faint/Heapion_Evolved_Faint_02.png	Confirmed: project sprite animation/species art generated by author with PixelLab workflow; prompts/job IDs not stored in repo
AlgoMon Animation	Convention load: HEAPION Evolved battle frame/manifest	AlgoMon/Assets/_AlgoMon/Sprites/HEAPION/Evolved/Faint/Heapion_Evolved_Faint_03.png	Confirmed: project sprite animation/species art generated by author with PixelLab workflow; prompts/job IDs not stored in repo
AlgoMon Animation	Convention load: HEAPION Evolved battle frame/manifest	AlgoMon/Assets/_AlgoMon/Sprites/HEAPION/Evolved/Faint/Heapion_Evolved_Faint_04.png	Confirmed: project sprite animation/species art generated by author with PixelLab workflow; prompts/job IDs not stored in repo
AlgoMon Animation	Convention load: HEAPION Evolved battle frame/manifest	AlgoMon/Assets/_AlgoMon/Sprites/HEAPION/Evolved/Faint/Heapion_Evolved_Faint_05.png	Confirmed: project sprite animation/species art generated by author with PixelLab workflow; prompts/job IDs not stored in repo
AlgoMon Animation	Convention load: HEAPION Evolved battle frame/manifest	AlgoMon/Assets/_AlgoMon/Sprites/HEAPION/Evolved/Faint/Heapion_Evolved_Faint_06.png	Confirmed: project sprite animation/species art generated by author with PixelLab workflow; prompts/job IDs not stored in repo
AlgoMon Animation	Convention load: HEAPION Evolved battle frame/manifest	AlgoMon/Assets/_AlgoMon/Sprites/HEAPION/Evolved/Faint/Heapion_Evolved_Faint_07.png	Confirmed: project sprite animation/species art generated by author with PixelLab workflow; prompts/job IDs not stored in repo
AlgoMon Animation	Convention load: HEAPION Evolved battle frame/manifest	AlgoMon/Assets/_AlgoMon/Sprites/HEAPION/Evolved/Faint/Heapion_Evolved_Faint_08.png	Confirmed: project sprite animation/species art generated by author with PixelLab workflow; prompts/job IDs not stored in repo
AlgoMon Animation	Convention load: HEAPION Evolved battle frame/manifest	AlgoMon/Assets/_AlgoMon/Sprites/HEAPION/Evolved/Faint/Heapion_Evolved_Faint_09.png	Confirmed: project sprite animation/species art generated by author with PixelLab workflow; prompts/job IDs not stored in repo
AlgoMon Animation	Convention load: HEAPION Evolved battle frame/manifest	AlgoMon/Assets/_AlgoMon/Sprites/HEAPION/Evolved/Hit/Heapion_Evolved_Hit_01.png	Confirmed: project sprite animation/species art generated by author with PixelLab workflow; prompts/job IDs not stored in repo
AlgoMon Animation	Convention load: HEAPION Evolved battle frame/manifest	AlgoMon/Assets/_AlgoMon/Sprites/HEAPION/Evolved/Hit/Heapion_Evolved_Hit_02.png	Confirmed: project sprite animation/species art generated by author with PixelLab workflow; prompts/job IDs not stored in repo
AlgoMon Animation	Convention load: HEAPION Evolved battle frame/manifest	AlgoMon/Assets/_AlgoMon/Sprites/HEAPION/Evolved/Hit/Heapion_Evolved_Hit_03.png	Confirmed: project sprite animation/species art generated by author with PixelLab workflow; prompts/job IDs not stored in repo
AlgoMon Animation	Convention load: HEAPION Evolved battle frame/manifest	AlgoMon/Assets/_AlgoMon/Sprites/HEAPION/Evolved/Hit/Heapion_Evolved_Hit_04.png	Confirmed: project sprite animation/species art generated by author with PixelLab workflow; prompts/job IDs not stored in repo
AlgoMon Animation	Convention load: HEAPION Evolved battle frame/manifest	AlgoMon/Assets/_AlgoMon/Sprites/HEAPION/Evolved/Hit/Heapion_Evolved_Hit_05.png	Confirmed: project sprite animation/species art generated by author with PixelLab workflow; prompts/job IDs not stored in repo
AlgoMon Animation	Convention load: HEAPION Evolved battle frame/manifest	AlgoMon/Assets/_AlgoMon/Sprites/HEAPION/Evolved/Hit/Heapion_Evolved_Hit_06.png	Confirmed: project sprite animation/species art generated by author with PixelLab workflow; prompts/job IDs not stored in repo
AlgoMon Animation	Convention load: HEAPION Evolved battle frame/manifest	AlgoMon/Assets/_AlgoMon/Sprites/HEAPION/Evolved/Hit/Heapion_Evolved_Hit_07.png	Confirmed: project sprite animation/species art generated by author with PixelLab workflow; prompts/job IDs not stored in repo
AlgoMon Animation	Convention load: HEAPION Evolved battle frame/manifest	AlgoMon/Assets/_AlgoMon/Sprites/HEAPION/Evolved/Hit/Heapion_Evolved_Hit_08.png	Confirmed: project sprite animation/species art generated by author with PixelLab workflow; prompts/job IDs not stored in repo
AlgoMon Animation	Convention load: HEAPION Evolved battle frame/manifest	AlgoMon/Assets/_AlgoMon/Sprites/HEAPION/Evolved/Hit/Heapion_Evolved_Hit_09.png	Confirmed: project sprite animation/species art generated by author with PixelLab workflow; prompts/job IDs not stored in repo
AlgoMon Animation	Convention load: HEAPION Evolved battle frame/manifest	AlgoMon/Assets/_AlgoMon/Sprites/HEAPION/Evolved/Idle/Heapion_Evolved_Idle_01.png	Confirmed: project sprite animation/species art generated by author with PixelLab workflow; prompts/job IDs not stored in repo
AlgoMon Animation	Convention load: HEAPION Evolved battle frame/manifest	AlgoMon/Assets/_AlgoMon/Sprites/HEAPION/Evolved/Idle/Heapion_Evolved_Idle_02.png	Confirmed: project sprite animation/species art generated by author with PixelLab workflow; prompts/job IDs not stored in repo
AlgoMon Animation	Convention load: HEAPION Evolved battle frame/manifest	AlgoMon/Assets/_AlgoMon/Sprites/HEAPION/Evolved/Idle/Heapion_Evolved_Idle_03.png	Confirmed: project sprite animation/species art generated by author with PixelLab workflow; prompts/job IDs not stored in repo
AlgoMon Animation	Convention load: HEAPION Evolved battle frame/manifest	AlgoMon/Assets/_AlgoMon/Sprites/HEAPION/Evolved/Idle/Heapion_Evolved_Idle_04.png	Confirmed: project sprite animation/species art generated by author with PixelLab workflow; prompts/job IDs not stored in repo
AlgoMon Animation	Convention load: HEAPION Evolved battle frame/manifest	AlgoMon/Assets/_AlgoMon/Sprites/HEAPION/Evolved/Idle/Heapion_Evolved_Idle_05.png	Confirmed: project sprite animation/species art generated by author with PixelLab workflow; prompts/job IDs not stored in repo
AlgoMon Animation	Convention load: HEAPION Evolved battle frame/manifest	AlgoMon/Assets/_AlgoMon/Sprites/HEAPION/Evolved/Idle/Heapion_Evolved_Idle_06.png	Confirmed: project sprite animation/species art generated by author with PixelLab workflow; prompts/job IDs not stored in repo
AlgoMon Animation	Convention load: HEAPION Evolved battle frame/manifest	AlgoMon/Assets/_AlgoMon/Sprites/HEAPION/Evolved/Idle/Heapion_Evolved_Idle_07.png	Confirmed: project sprite animation/species art generated by author with PixelLab workflow; prompts/job IDs not stored in repo
AlgoMon Animation	Convention load: HEAPION Evolved battle frame/manifest	AlgoMon/Assets/_AlgoMon/Sprites/HEAPION/Evolved/Idle/Heapion_Evolved_Idle_08.png	Confirmed: project sprite animation/species art generated by author with PixelLab workflow; prompts/job IDs not stored in repo
AlgoMon Animation	Convention load: HEAPION Evolved battle frame/manifest	AlgoMon/Assets/_AlgoMon/Sprites/HEAPION/Evolved/Idle/Heapion_Evolved_Idle_09.png	Confirmed: project sprite animation/species art generated by author with PixelLab workflow; prompts/job IDs not stored in repo
AlgoMon Animation	Convention load: HEAPION Evolved battle frame/manifest	AlgoMon/Assets/_AlgoMon/Sprites/HEAPION/Evolved/Idle/Heapion_Evolved_Idle_10.png	Confirmed: project sprite animation/species art generated by author with PixelLab workflow; prompts/job IDs not stored in repo
AlgoMon Animation	Convention load: HEAPION Evolved battle frame/manifest	AlgoMon/Assets/_AlgoMon/Sprites/HEAPION/Evolved/Idle/Heapion_Evolved_Idle_11.png	Confirmed: project sprite animation/species art generated by author with PixelLab workflow; prompts/job IDs not stored in repo
AlgoMon Animation	Convention load: HEAPION Evolved battle frame/manifest	AlgoMon/Assets/_AlgoMon/Sprites/HEAPION/Evolved/Status/Heapion_Evolved_Status_01.png	Confirmed: project sprite animation/species art generated by author with PixelLab workflow; prompts/job IDs not stored in repo
AlgoMon Animation	Convention load: HEAPION Evolved battle frame/manifest	AlgoMon/Assets/_AlgoMon/Sprites/HEAPION/Evolved/Status/Heapion_Evolved_Status_02.png	Confirmed: project sprite animation/species art generated by author with PixelLab workflow; prompts/job IDs not stored in repo
AlgoMon Animation	Convention load: HEAPION Evolved battle frame/manifest	AlgoMon/Assets/_AlgoMon/Sprites/HEAPION/Evolved/Status/Heapion_Evolved_Status_03.png	Confirmed: project sprite animation/species art generated by author with PixelLab workflow; prompts/job IDs not stored in repo
AlgoMon Animation	Convention load: HEAPION Evolved battle frame/manifest	AlgoMon/Assets/_AlgoMon/Sprites/HEAPION/Evolved/Status/Heapion_Evolved_Status_04.png	Confirmed: project sprite animation/species art generated by author with PixelLab workflow; prompts/job IDs not stored in repo
AlgoMon Animation	Convention load: HEAPION Evolved battle frame/manifest	AlgoMon/Assets/_AlgoMon/Sprites/HEAPION/Evolved/Status/Heapion_Evolved_Status_05.png	Confirmed: project sprite animation/species art generated by author with PixelLab workflow; prompts/job IDs not stored in repo
AlgoMon Animation	Convention load: HEAPION Evolved battle frame/manifest	AlgoMon/Assets/_AlgoMon/Sprites/HEAPION/Evolved/Status/Heapion_Evolved_Status_06.png	Confirmed: project sprite animation/species art generated by author with PixelLab workflow; prompts/job IDs not stored in repo
AlgoMon Animation	Convention load: HEAPION Evolved battle frame/manifest	AlgoMon/Assets/_AlgoMon/Sprites/HEAPION/Evolved/Status/Heapion_Evolved_Status_07.png	Confirmed: project sprite animation/species art generated by author with PixelLab workflow; prompts/job IDs not stored in repo
AlgoMon Animation	Convention load: HEAPION Evolved battle frame/manifest	AlgoMon/Assets/_AlgoMon/Sprites/HEAPION/Evolved/Status/Heapion_Evolved_Status_08.png	Confirmed: project sprite animation/species art generated by author with PixelLab workflow; prompts/job IDs not stored in repo
AlgoMon Animation	Convention load: HEAPION Evolved battle frame/manifest	AlgoMon/Assets/_AlgoMon/Sprites/HEAPION/Evolved/Status/Heapion_Evolved_Status_09.png	Confirmed: project sprite animation/species art generated by author with PixelLab workflow; prompts/job IDs not stored in repo
AlgoMon Animation	Convention load: HEAPION Evolved battle frame/manifest	AlgoMon/Assets/_AlgoMon/Sprites/HEAPION/Evolved/Status/Heapion_Evolved_Status_10.png	Confirmed: project sprite animation/species art generated by author with PixelLab workflow; prompts/job IDs not stored in repo
AlgoMon Animation	Convention load: HEAPION Evolved battle frame/manifest	AlgoMon/Assets/_AlgoMon/Sprites/HEAPION/Evolved/Status/Heapion_Evolved_Status_11.png	Confirmed: project sprite animation/species art generated by author with PixelLab workflow; prompts/job IDs not stored in repo
AlgoMon Animation	Convention load: NULLBYTE Base battle frame/manifest	AlgoMon/Assets/_AlgoMon/Sprites/NULLBYTE/Base/Attack/Nullbyte_Base_Attack_01.png	Confirmed: project sprite animation/species art generated by author with PixelLab workflow; prompts/job IDs not stored in repo
AlgoMon Animation	Convention load: NULLBYTE Base battle frame/manifest	AlgoMon/Assets/_AlgoMon/Sprites/NULLBYTE/Base/Attack/Nullbyte_Base_Attack_02.png	Confirmed: project sprite animation/species art generated by author with PixelLab workflow; prompts/job IDs not stored in repo
AlgoMon Animation	Convention load: NULLBYTE Base battle frame/manifest	AlgoMon/Assets/_AlgoMon/Sprites/NULLBYTE/Base/Attack/Nullbyte_Base_Attack_03.png	Confirmed: project sprite animation/species art generated by author with PixelLab workflow; prompts/job IDs not stored in repo
AlgoMon Animation	Convention load: NULLBYTE Base battle frame/manifest	AlgoMon/Assets/_AlgoMon/Sprites/NULLBYTE/Base/Attack/Nullbyte_Base_Attack_04.png	Confirmed: project sprite animation/species art generated by author with PixelLab workflow; prompts/job IDs not stored in repo
AlgoMon Animation	Convention load: NULLBYTE Base battle frame/manifest	AlgoMon/Assets/_AlgoMon/Sprites/NULLBYTE/Base/Attack/Nullbyte_Base_Attack_05.png	Confirmed: project sprite animation/species art generated by author with PixelLab workflow; prompts/job IDs not stored in repo
AlgoMon Animation	Convention load: NULLBYTE Base battle frame/manifest	AlgoMon/Assets/_AlgoMon/Sprites/NULLBYTE/Base/Attack/Nullbyte_Base_Attack_06.png	Confirmed: project sprite animation/species art generated by author with PixelLab workflow; prompts/job IDs not stored in repo
AlgoMon Animation	Convention load: NULLBYTE Base battle frame/manifest	AlgoMon/Assets/_AlgoMon/Sprites/NULLBYTE/Base/Attack/Nullbyte_Base_Attack_07.png	Confirmed: project sprite animation/species art generated by author with PixelLab workflow; prompts/job IDs not stored in repo
AlgoMon Animation	Convention load: NULLBYTE Base battle frame/manifest	AlgoMon/Assets/_AlgoMon/Sprites/NULLBYTE/Base/battle_animation_manifest.json	Confirmed: project sprite animation/species art generated by author with PixelLab workflow; prompts/job IDs not stored in repo
AlgoMon Animation	Convention load: NULLBYTE Base battle frame/manifest	AlgoMon/Assets/_AlgoMon/Sprites/NULLBYTE/Base/Defense/Nullbyte_Base_Defense_01.png	Confirmed: project sprite animation/species art generated by author with PixelLab workflow; prompts/job IDs not stored in repo
AlgoMon Animation	Convention load: NULLBYTE Base battle frame/manifest	AlgoMon/Assets/_AlgoMon/Sprites/NULLBYTE/Base/Defense/Nullbyte_Base_Defense_02.png	Confirmed: project sprite animation/species art generated by author with PixelLab workflow; prompts/job IDs not stored in repo
AlgoMon Animation	Convention load: NULLBYTE Base battle frame/manifest	AlgoMon/Assets/_AlgoMon/Sprites/NULLBYTE/Base/Defense/Nullbyte_Base_Defense_03.png	Confirmed: project sprite animation/species art generated by author with PixelLab workflow; prompts/job IDs not stored in repo
AlgoMon Animation	Convention load: NULLBYTE Base battle frame/manifest	AlgoMon/Assets/_AlgoMon/Sprites/NULLBYTE/Base/Defense/Nullbyte_Base_Defense_04.png	Confirmed: project sprite animation/species art generated by author with PixelLab workflow; prompts/job IDs not stored in repo
AlgoMon Animation	Convention load: NULLBYTE Base battle frame/manifest	AlgoMon/Assets/_AlgoMon/Sprites/NULLBYTE/Base/Defense/Nullbyte_Base_Defense_05.png	Confirmed: project sprite animation/species art generated by author with PixelLab workflow; prompts/job IDs not stored in repo
AlgoMon Animation	Convention load: NULLBYTE Base battle frame/manifest	AlgoMon/Assets/_AlgoMon/Sprites/NULLBYTE/Base/Defense/Nullbyte_Base_Defense_06.png	Confirmed: project sprite animation/species art generated by author with PixelLab workflow; prompts/job IDs not stored in repo
AlgoMon Animation	Convention load: NULLBYTE Base battle frame/manifest	AlgoMon/Assets/_AlgoMon/Sprites/NULLBYTE/Base/Defense/Nullbyte_Base_Defense_07.png	Confirmed: project sprite animation/species art generated by author with PixelLab workflow; prompts/job IDs not stored in repo
AlgoMon Animation	Convention load: NULLBYTE Base battle frame/manifest	AlgoMon/Assets/_AlgoMon/Sprites/NULLBYTE/Base/Defense/Nullbyte_Base_Defense_08.png	Confirmed: project sprite animation/species art generated by author with PixelLab workflow; prompts/job IDs not stored in repo
AlgoMon Animation	Convention load: NULLBYTE Base battle frame/manifest	AlgoMon/Assets/_AlgoMon/Sprites/NULLBYTE/Base/Defense/Nullbyte_Base_Defense_09.png	Confirmed: project sprite animation/species art generated by author with PixelLab workflow; prompts/job IDs not stored in repo
AlgoMon Animation	Convention load: NULLBYTE Base battle frame/manifest	AlgoMon/Assets/_AlgoMon/Sprites/NULLBYTE/Base/Defense/Nullbyte_Base_Defense_10.png	Confirmed: project sprite animation/species art generated by author with PixelLab workflow; prompts/job IDs not stored in repo
AlgoMon Animation	Convention load: NULLBYTE Base battle frame/manifest	AlgoMon/Assets/_AlgoMon/Sprites/NULLBYTE/Base/Defense/Nullbyte_Base_Defense_11.png	Confirmed: project sprite animation/species art generated by author with PixelLab workflow; prompts/job IDs not stored in repo
AlgoMon Animation	Convention load: NULLBYTE Base battle frame/manifest	AlgoMon/Assets/_AlgoMon/Sprites/NULLBYTE/Base/Faint/Nullbyte_Base_Faint_01.png	Confirmed: project sprite animation/species art generated by author with PixelLab workflow; prompts/job IDs not stored in repo
AlgoMon Animation	Convention load: NULLBYTE Base battle frame/manifest	AlgoMon/Assets/_AlgoMon/Sprites/NULLBYTE/Base/Faint/Nullbyte_Base_Faint_02.png	Confirmed: project sprite animation/species art generated by author with PixelLab workflow; prompts/job IDs not stored in repo
AlgoMon Animation	Convention load: NULLBYTE Base battle frame/manifest	AlgoMon/Assets/_AlgoMon/Sprites/NULLBYTE/Base/Faint/Nullbyte_Base_Faint_03.png	Confirmed: project sprite animation/species art generated by author with PixelLab workflow; prompts/job IDs not stored in repo
AlgoMon Animation	Convention load: NULLBYTE Base battle frame/manifest	AlgoMon/Assets/_AlgoMon/Sprites/NULLBYTE/Base/Faint/Nullbyte_Base_Faint_04.png	Confirmed: project sprite animation/species art generated by author with PixelLab workflow; prompts/job IDs not stored in repo
AlgoMon Animation	Convention load: NULLBYTE Base battle frame/manifest	AlgoMon/Assets/_AlgoMon/Sprites/NULLBYTE/Base/Faint/Nullbyte_Base_Faint_05.png	Confirmed: project sprite animation/species art generated by author with PixelLab workflow; prompts/job IDs not stored in repo
AlgoMon Animation	Convention load: NULLBYTE Base battle frame/manifest	AlgoMon/Assets/_AlgoMon/Sprites/NULLBYTE/Base/Faint/Nullbyte_Base_Faint_06.png	Confirmed: project sprite animation/species art generated by author with PixelLab workflow; prompts/job IDs not stored in repo
AlgoMon Animation	Convention load: NULLBYTE Base battle frame/manifest	AlgoMon/Assets/_AlgoMon/Sprites/NULLBYTE/Base/Faint/Nullbyte_Base_Faint_07.png	Confirmed: project sprite animation/species art generated by author with PixelLab workflow; prompts/job IDs not stored in repo
AlgoMon Animation	Convention load: NULLBYTE Base battle frame/manifest	AlgoMon/Assets/_AlgoMon/Sprites/NULLBYTE/Base/Faint/Nullbyte_Base_Faint_08.png	Confirmed: project sprite animation/species art generated by author with PixelLab workflow; prompts/job IDs not stored in repo
AlgoMon Animation	Convention load: NULLBYTE Base battle frame/manifest	AlgoMon/Assets/_AlgoMon/Sprites/NULLBYTE/Base/Faint/Nullbyte_Base_Faint_09.png	Confirmed: project sprite animation/species art generated by author with PixelLab workflow; prompts/job IDs not stored in repo
AlgoMon Animation	Convention load: NULLBYTE Base battle frame/manifest	AlgoMon/Assets/_AlgoMon/Sprites/NULLBYTE/Base/Hit/Nullbyte_Base_Hit_01.png	Confirmed: project sprite animation/species art generated by author with PixelLab workflow; prompts/job IDs not stored in repo
AlgoMon Animation	Convention load: NULLBYTE Base battle frame/manifest	AlgoMon/Assets/_AlgoMon/Sprites/NULLBYTE/Base/Hit/Nullbyte_Base_Hit_02.png	Confirmed: project sprite animation/species art generated by author with PixelLab workflow; prompts/job IDs not stored in repo
AlgoMon Animation	Convention load: NULLBYTE Base battle frame/manifest	AlgoMon/Assets/_AlgoMon/Sprites/NULLBYTE/Base/Hit/Nullbyte_Base_Hit_03.png	Confirmed: project sprite animation/species art generated by author with PixelLab workflow; prompts/job IDs not stored in repo
AlgoMon Animation	Convention load: NULLBYTE Base battle frame/manifest	AlgoMon/Assets/_AlgoMon/Sprites/NULLBYTE/Base/Hit/Nullbyte_Base_Hit_04.png	Confirmed: project sprite animation/species art generated by author with PixelLab workflow; prompts/job IDs not stored in repo
AlgoMon Animation	Convention load: NULLBYTE Base battle frame/manifest	AlgoMon/Assets/_AlgoMon/Sprites/NULLBYTE/Base/Hit/Nullbyte_Base_Hit_05.png	Confirmed: project sprite animation/species art generated by author with PixelLab workflow; prompts/job IDs not stored in repo
AlgoMon Animation	Convention load: NULLBYTE Base battle frame/manifest	AlgoMon/Assets/_AlgoMon/Sprites/NULLBYTE/Base/Hit/Nullbyte_Base_Hit_06.png	Confirmed: project sprite animation/species art generated by author with PixelLab workflow; prompts/job IDs not stored in repo
AlgoMon Animation	Convention load: NULLBYTE Base battle frame/manifest	AlgoMon/Assets/_AlgoMon/Sprites/NULLBYTE/Base/Hit/Nullbyte_Base_Hit_07.png	Confirmed: project sprite animation/species art generated by author with PixelLab workflow; prompts/job IDs not stored in repo
AlgoMon Animation	Convention load: NULLBYTE Base battle frame/manifest	AlgoMon/Assets/_AlgoMon/Sprites/NULLBYTE/Base/Hit/Nullbyte_Base_Hit_08.png	Confirmed: project sprite animation/species art generated by author with PixelLab workflow; prompts/job IDs not stored in repo
AlgoMon Animation	Convention load: NULLBYTE Base battle frame/manifest	AlgoMon/Assets/_AlgoMon/Sprites/NULLBYTE/Base/Hit/Nullbyte_Base_Hit_09.png	Confirmed: project sprite animation/species art generated by author with PixelLab workflow; prompts/job IDs not stored in repo
AlgoMon Animation	Convention load: NULLBYTE Base battle frame/manifest	AlgoMon/Assets/_AlgoMon/Sprites/NULLBYTE/Base/Idle/Nullbyte_Base_Idle_01.png	Confirmed: project sprite animation/species art generated by author with PixelLab workflow; prompts/job IDs not stored in repo
AlgoMon Animation	Convention load: NULLBYTE Base battle frame/manifest	AlgoMon/Assets/_AlgoMon/Sprites/NULLBYTE/Base/Idle/Nullbyte_Base_Idle_02.png	Confirmed: project sprite animation/species art generated by author with PixelLab workflow; prompts/job IDs not stored in repo
AlgoMon Animation	Convention load: NULLBYTE Base battle frame/manifest	AlgoMon/Assets/_AlgoMon/Sprites/NULLBYTE/Base/Idle/Nullbyte_Base_Idle_03.png	Confirmed: project sprite animation/species art generated by author with PixelLab workflow; prompts/job IDs not stored in repo
AlgoMon Animation	Convention load: NULLBYTE Base battle frame/manifest	AlgoMon/Assets/_AlgoMon/Sprites/NULLBYTE/Base/Idle/Nullbyte_Base_Idle_04.png	Confirmed: project sprite animation/species art generated by author with PixelLab workflow; prompts/job IDs not stored in repo
AlgoMon Animation	Convention load: NULLBYTE Base battle frame/manifest	AlgoMon/Assets/_AlgoMon/Sprites/NULLBYTE/Base/Idle/Nullbyte_Base_Idle_05.png	Confirmed: project sprite animation/species art generated by author with PixelLab workflow; prompts/job IDs not stored in repo
AlgoMon Animation	Convention load: NULLBYTE Base battle frame/manifest	AlgoMon/Assets/_AlgoMon/Sprites/NULLBYTE/Base/Idle/Nullbyte_Base_Idle_06.png	Confirmed: project sprite animation/species art generated by author with PixelLab workflow; prompts/job IDs not stored in repo
AlgoMon Animation	Convention load: NULLBYTE Base battle frame/manifest	AlgoMon/Assets/_AlgoMon/Sprites/NULLBYTE/Base/Idle/Nullbyte_Base_Idle_07.png	Confirmed: project sprite animation/species art generated by author with PixelLab workflow; prompts/job IDs not stored in repo
AlgoMon Animation	Convention load: NULLBYTE Base battle frame/manifest	AlgoMon/Assets/_AlgoMon/Sprites/NULLBYTE/Base/Idle/Nullbyte_Base_Idle_08.png	Confirmed: project sprite animation/species art generated by author with PixelLab workflow; prompts/job IDs not stored in repo
AlgoMon Animation	Convention load: NULLBYTE Base battle frame/manifest	AlgoMon/Assets/_AlgoMon/Sprites/NULLBYTE/Base/Idle/Nullbyte_Base_Idle_09.png	Confirmed: project sprite animation/species art generated by author with PixelLab workflow; prompts/job IDs not stored in repo
AlgoMon Animation	Convention load: NULLBYTE Base battle frame/manifest	AlgoMon/Assets/_AlgoMon/Sprites/NULLBYTE/Base/Idle/Nullbyte_Base_Idle_10.png	Confirmed: project sprite animation/species art generated by author with PixelLab workflow; prompts/job IDs not stored in repo
AlgoMon Animation	Convention load: NULLBYTE Base battle frame/manifest	AlgoMon/Assets/_AlgoMon/Sprites/NULLBYTE/Base/Idle/Nullbyte_Base_Idle_11.png	Confirmed: project sprite animation/species art generated by author with PixelLab workflow; prompts/job IDs not stored in repo
AlgoMon Animation	Convention load: NULLBYTE Base battle frame/manifest	AlgoMon/Assets/_AlgoMon/Sprites/NULLBYTE/Base/Status/Nullbyte_Base_Status_01.png	Confirmed: project sprite animation/species art generated by author with PixelLab workflow; prompts/job IDs not stored in repo
AlgoMon Animation	Convention load: NULLBYTE Base battle frame/manifest	AlgoMon/Assets/_AlgoMon/Sprites/NULLBYTE/Base/Status/Nullbyte_Base_Status_02.png	Confirmed: project sprite animation/species art generated by author with PixelLab workflow; prompts/job IDs not stored in repo
AlgoMon Animation	Convention load: NULLBYTE Base battle frame/manifest	AlgoMon/Assets/_AlgoMon/Sprites/NULLBYTE/Base/Status/Nullbyte_Base_Status_03.png	Confirmed: project sprite animation/species art generated by author with PixelLab workflow; prompts/job IDs not stored in repo
AlgoMon Animation	Convention load: NULLBYTE Base battle frame/manifest	AlgoMon/Assets/_AlgoMon/Sprites/NULLBYTE/Base/Status/Nullbyte_Base_Status_04.png	Confirmed: project sprite animation/species art generated by author with PixelLab workflow; prompts/job IDs not stored in repo
AlgoMon Animation	Convention load: NULLBYTE Base battle frame/manifest	AlgoMon/Assets/_AlgoMon/Sprites/NULLBYTE/Base/Status/Nullbyte_Base_Status_05.png	Confirmed: project sprite animation/species art generated by author with PixelLab workflow; prompts/job IDs not stored in repo
AlgoMon Animation	Convention load: NULLBYTE Base battle frame/manifest	AlgoMon/Assets/_AlgoMon/Sprites/NULLBYTE/Base/Status/Nullbyte_Base_Status_06.png	Confirmed: project sprite animation/species art generated by author with PixelLab workflow; prompts/job IDs not stored in repo
AlgoMon Animation	Convention load: NULLBYTE Base battle frame/manifest	AlgoMon/Assets/_AlgoMon/Sprites/NULLBYTE/Base/Status/Nullbyte_Base_Status_07.png	Confirmed: project sprite animation/species art generated by author with PixelLab workflow; prompts/job IDs not stored in repo
AlgoMon Animation	Convention load: NULLBYTE Base battle frame/manifest	AlgoMon/Assets/_AlgoMon/Sprites/NULLBYTE/Base/Status/Nullbyte_Base_Status_08.png	Confirmed: project sprite animation/species art generated by author with PixelLab workflow; prompts/job IDs not stored in repo
AlgoMon Animation	Convention load: NULLBYTE Base battle frame/manifest	AlgoMon/Assets/_AlgoMon/Sprites/NULLBYTE/Base/Status/Nullbyte_Base_Status_09.png	Confirmed: project sprite animation/species art generated by author with PixelLab workflow; prompts/job IDs not stored in repo
AlgoMon Animation	Convention load: NULLBYTE Base battle frame/manifest	AlgoMon/Assets/_AlgoMon/Sprites/NULLBYTE/Base/Status/Nullbyte_Base_Status_10.png	Confirmed: project sprite animation/species art generated by author with PixelLab workflow; prompts/job IDs not stored in repo
AlgoMon Animation	Convention load: NULLBYTE Base battle frame/manifest	AlgoMon/Assets/_AlgoMon/Sprites/NULLBYTE/Base/Status/Nullbyte_Base_Status_11.png	Confirmed: project sprite animation/species art generated by author with PixelLab workflow; prompts/job IDs not stored in repo
AlgoMon Animation	Convention load: NULLBYTE Evolved battle frame/manifest	AlgoMon/Assets/_AlgoMon/Sprites/NULLBYTE/Evolved/Attack/Nullbyte_Evolved_Attack_01.png	Confirmed: project sprite animation/species art generated by author with PixelLab workflow; prompts/job IDs not stored in repo
AlgoMon Animation	Convention load: NULLBYTE Evolved battle frame/manifest	AlgoMon/Assets/_AlgoMon/Sprites/NULLBYTE/Evolved/Attack/Nullbyte_Evolved_Attack_02.png	Confirmed: project sprite animation/species art generated by author with PixelLab workflow; prompts/job IDs not stored in repo
AlgoMon Animation	Convention load: NULLBYTE Evolved battle frame/manifest	AlgoMon/Assets/_AlgoMon/Sprites/NULLBYTE/Evolved/Attack/Nullbyte_Evolved_Attack_03.png	Confirmed: project sprite animation/species art generated by author with PixelLab workflow; prompts/job IDs not stored in repo
AlgoMon Animation	Convention load: NULLBYTE Evolved battle frame/manifest	AlgoMon/Assets/_AlgoMon/Sprites/NULLBYTE/Evolved/Attack/Nullbyte_Evolved_Attack_04.png	Confirmed: project sprite animation/species art generated by author with PixelLab workflow; prompts/job IDs not stored in repo
AlgoMon Animation	Convention load: NULLBYTE Evolved battle frame/manifest	AlgoMon/Assets/_AlgoMon/Sprites/NULLBYTE/Evolved/Attack/Nullbyte_Evolved_Attack_05.png	Confirmed: project sprite animation/species art generated by author with PixelLab workflow; prompts/job IDs not stored in repo
AlgoMon Animation	Convention load: NULLBYTE Evolved battle frame/manifest	AlgoMon/Assets/_AlgoMon/Sprites/NULLBYTE/Evolved/Attack/Nullbyte_Evolved_Attack_06.png	Confirmed: project sprite animation/species art generated by author with PixelLab workflow; prompts/job IDs not stored in repo
AlgoMon Animation	Convention load: NULLBYTE Evolved battle frame/manifest	AlgoMon/Assets/_AlgoMon/Sprites/NULLBYTE/Evolved/Attack/Nullbyte_Evolved_Attack_07.png	Confirmed: project sprite animation/species art generated by author with PixelLab workflow; prompts/job IDs not stored in repo
AlgoMon Animation	Convention load: NULLBYTE Evolved battle frame/manifest	AlgoMon/Assets/_AlgoMon/Sprites/NULLBYTE/Evolved/Attack/Nullbyte_Evolved_Attack_08.png	Confirmed: project sprite animation/species art generated by author with PixelLab workflow; prompts/job IDs not stored in repo
AlgoMon Animation	Convention load: NULLBYTE Evolved battle frame/manifest	AlgoMon/Assets/_AlgoMon/Sprites/NULLBYTE/Evolved/Attack/Nullbyte_Evolved_Attack_09.png	Confirmed: project sprite animation/species art generated by author with PixelLab workflow; prompts/job IDs not stored in repo
AlgoMon Animation	Convention load: NULLBYTE Evolved battle frame/manifest	AlgoMon/Assets/_AlgoMon/Sprites/NULLBYTE/Evolved/Attack/Nullbyte_Evolved_Attack_10.png	Confirmed: project sprite animation/species art generated by author with PixelLab workflow; prompts/job IDs not stored in repo
AlgoMon Animation	Convention load: NULLBYTE Evolved battle frame/manifest	AlgoMon/Assets/_AlgoMon/Sprites/NULLBYTE/Evolved/Attack/Nullbyte_Evolved_Attack_11.png	Confirmed: project sprite animation/species art generated by author with PixelLab workflow; prompts/job IDs not stored in repo
AlgoMon Animation	Convention load: NULLBYTE Evolved battle frame/manifest	AlgoMon/Assets/_AlgoMon/Sprites/NULLBYTE/Evolved/Attack/Nullbyte_Evolved_Attack_12.png	Confirmed: project sprite animation/species art generated by author with PixelLab workflow; prompts/job IDs not stored in repo
AlgoMon Animation	Convention load: NULLBYTE Evolved battle frame/manifest	AlgoMon/Assets/_AlgoMon/Sprites/NULLBYTE/Evolved/Attack/Nullbyte_Evolved_Attack_13.png	Confirmed: project sprite animation/species art generated by author with PixelLab workflow; prompts/job IDs not stored in repo
AlgoMon Animation	Convention load: NULLBYTE Evolved battle frame/manifest	AlgoMon/Assets/_AlgoMon/Sprites/NULLBYTE/Evolved/Attack/Nullbyte_Evolved_Attack_14.png	Confirmed: project sprite animation/species art generated by author with PixelLab workflow; prompts/job IDs not stored in repo
AlgoMon Animation	Convention load: NULLBYTE Evolved battle frame/manifest	AlgoMon/Assets/_AlgoMon/Sprites/NULLBYTE/Evolved/battle_animation_manifest.json	Confirmed: project sprite animation/species art generated by author with PixelLab workflow; prompts/job IDs not stored in repo
AlgoMon Animation	Convention load: NULLBYTE Evolved battle frame/manifest	AlgoMon/Assets/_AlgoMon/Sprites/NULLBYTE/Evolved/Defense/Nullbyte_Evolved_Defense_01.png	Confirmed: project sprite animation/species art generated by author with PixelLab workflow; prompts/job IDs not stored in repo
AlgoMon Animation	Convention load: NULLBYTE Evolved battle frame/manifest	AlgoMon/Assets/_AlgoMon/Sprites/NULLBYTE/Evolved/Defense/Nullbyte_Evolved_Defense_02.png	Confirmed: project sprite animation/species art generated by author with PixelLab workflow; prompts/job IDs not stored in repo
AlgoMon Animation	Convention load: NULLBYTE Evolved battle frame/manifest	AlgoMon/Assets/_AlgoMon/Sprites/NULLBYTE/Evolved/Defense/Nullbyte_Evolved_Defense_03.png	Confirmed: project sprite animation/species art generated by author with PixelLab workflow; prompts/job IDs not stored in repo
AlgoMon Animation	Convention load: NULLBYTE Evolved battle frame/manifest	AlgoMon/Assets/_AlgoMon/Sprites/NULLBYTE/Evolved/Defense/Nullbyte_Evolved_Defense_04.png	Confirmed: project sprite animation/species art generated by author with PixelLab workflow; prompts/job IDs not stored in repo
AlgoMon Animation	Convention load: NULLBYTE Evolved battle frame/manifest	AlgoMon/Assets/_AlgoMon/Sprites/NULLBYTE/Evolved/Defense/Nullbyte_Evolved_Defense_05.png	Confirmed: project sprite animation/species art generated by author with PixelLab workflow; prompts/job IDs not stored in repo
AlgoMon Animation	Convention load: NULLBYTE Evolved battle frame/manifest	AlgoMon/Assets/_AlgoMon/Sprites/NULLBYTE/Evolved/Defense/Nullbyte_Evolved_Defense_06.png	Confirmed: project sprite animation/species art generated by author with PixelLab workflow; prompts/job IDs not stored in repo
AlgoMon Animation	Convention load: NULLBYTE Evolved battle frame/manifest	AlgoMon/Assets/_AlgoMon/Sprites/NULLBYTE/Evolved/Defense/Nullbyte_Evolved_Defense_07.png	Confirmed: project sprite animation/species art generated by author with PixelLab workflow; prompts/job IDs not stored in repo
AlgoMon Animation	Convention load: NULLBYTE Evolved battle frame/manifest	AlgoMon/Assets/_AlgoMon/Sprites/NULLBYTE/Evolved/Defense/Nullbyte_Evolved_Defense_08.png	Confirmed: project sprite animation/species art generated by author with PixelLab workflow; prompts/job IDs not stored in repo
AlgoMon Animation	Convention load: NULLBYTE Evolved battle frame/manifest	AlgoMon/Assets/_AlgoMon/Sprites/NULLBYTE/Evolved/Defense/Nullbyte_Evolved_Defense_09.png	Confirmed: project sprite animation/species art generated by author with PixelLab workflow; prompts/job IDs not stored in repo
AlgoMon Animation	Convention load: NULLBYTE Evolved battle frame/manifest	AlgoMon/Assets/_AlgoMon/Sprites/NULLBYTE/Evolved/Defense/Nullbyte_Evolved_Defense_10.png	Confirmed: project sprite animation/species art generated by author with PixelLab workflow; prompts/job IDs not stored in repo
AlgoMon Animation	Convention load: NULLBYTE Evolved battle frame/manifest	AlgoMon/Assets/_AlgoMon/Sprites/NULLBYTE/Evolved/Defense/Nullbyte_Evolved_Defense_11.png	Confirmed: project sprite animation/species art generated by author with PixelLab workflow; prompts/job IDs not stored in repo
AlgoMon Animation	Convention load: NULLBYTE Evolved battle frame/manifest	AlgoMon/Assets/_AlgoMon/Sprites/NULLBYTE/Evolved/Defense/Nullbyte_Evolved_Defense_12.png	Confirmed: project sprite animation/species art generated by author with PixelLab workflow; prompts/job IDs not stored in repo
AlgoMon Animation	Convention load: NULLBYTE Evolved battle frame/manifest	AlgoMon/Assets/_AlgoMon/Sprites/NULLBYTE/Evolved/Defense/Nullbyte_Evolved_Defense_13.png	Confirmed: project sprite animation/species art generated by author with PixelLab workflow; prompts/job IDs not stored in repo
AlgoMon Animation	Convention load: NULLBYTE Evolved battle frame/manifest	AlgoMon/Assets/_AlgoMon/Sprites/NULLBYTE/Evolved/Faint/Nullbyte_Evolved_Faint_01.png	Confirmed: project sprite animation/species art generated by author with PixelLab workflow; prompts/job IDs not stored in repo
AlgoMon Animation	Convention load: NULLBYTE Evolved battle frame/manifest	AlgoMon/Assets/_AlgoMon/Sprites/NULLBYTE/Evolved/Faint/Nullbyte_Evolved_Faint_02.png	Confirmed: project sprite animation/species art generated by author with PixelLab workflow; prompts/job IDs not stored in repo
AlgoMon Animation	Convention load: NULLBYTE Evolved battle frame/manifest	AlgoMon/Assets/_AlgoMon/Sprites/NULLBYTE/Evolved/Faint/Nullbyte_Evolved_Faint_03.png	Confirmed: project sprite animation/species art generated by author with PixelLab workflow; prompts/job IDs not stored in repo
AlgoMon Animation	Convention load: NULLBYTE Evolved battle frame/manifest	AlgoMon/Assets/_AlgoMon/Sprites/NULLBYTE/Evolved/Faint/Nullbyte_Evolved_Faint_04.png	Confirmed: project sprite animation/species art generated by author with PixelLab workflow; prompts/job IDs not stored in repo
AlgoMon Animation	Convention load: NULLBYTE Evolved battle frame/manifest	AlgoMon/Assets/_AlgoMon/Sprites/NULLBYTE/Evolved/Faint/Nullbyte_Evolved_Faint_05.png	Confirmed: project sprite animation/species art generated by author with PixelLab workflow; prompts/job IDs not stored in repo
AlgoMon Animation	Convention load: NULLBYTE Evolved battle frame/manifest	AlgoMon/Assets/_AlgoMon/Sprites/NULLBYTE/Evolved/Faint/Nullbyte_Evolved_Faint_06.png	Confirmed: project sprite animation/species art generated by author with PixelLab workflow; prompts/job IDs not stored in repo
AlgoMon Animation	Convention load: NULLBYTE Evolved battle frame/manifest	AlgoMon/Assets/_AlgoMon/Sprites/NULLBYTE/Evolved/Faint/Nullbyte_Evolved_Faint_07.png	Confirmed: project sprite animation/species art generated by author with PixelLab workflow; prompts/job IDs not stored in repo
AlgoMon Animation	Convention load: NULLBYTE Evolved battle frame/manifest	AlgoMon/Assets/_AlgoMon/Sprites/NULLBYTE/Evolved/Faint/Nullbyte_Evolved_Faint_08.png	Confirmed: project sprite animation/species art generated by author with PixelLab workflow; prompts/job IDs not stored in repo
AlgoMon Animation	Convention load: NULLBYTE Evolved battle frame/manifest	AlgoMon/Assets/_AlgoMon/Sprites/NULLBYTE/Evolved/Faint/Nullbyte_Evolved_Faint_09.png	Confirmed: project sprite animation/species art generated by author with PixelLab workflow; prompts/job IDs not stored in repo
AlgoMon Animation	Convention load: NULLBYTE Evolved battle frame/manifest	AlgoMon/Assets/_AlgoMon/Sprites/NULLBYTE/Evolved/Hit/Nullbyte_Evolved_Hit_01.png	Confirmed: project sprite animation/species art generated by author with PixelLab workflow; prompts/job IDs not stored in repo
AlgoMon Animation	Convention load: NULLBYTE Evolved battle frame/manifest	AlgoMon/Assets/_AlgoMon/Sprites/NULLBYTE/Evolved/Hit/Nullbyte_Evolved_Hit_02.png	Confirmed: project sprite animation/species art generated by author with PixelLab workflow; prompts/job IDs not stored in repo
AlgoMon Animation	Convention load: NULLBYTE Evolved battle frame/manifest	AlgoMon/Assets/_AlgoMon/Sprites/NULLBYTE/Evolved/Hit/Nullbyte_Evolved_Hit_03.png	Confirmed: project sprite animation/species art generated by author with PixelLab workflow; prompts/job IDs not stored in repo
AlgoMon Animation	Convention load: NULLBYTE Evolved battle frame/manifest	AlgoMon/Assets/_AlgoMon/Sprites/NULLBYTE/Evolved/Hit/Nullbyte_Evolved_Hit_04.png	Confirmed: project sprite animation/species art generated by author with PixelLab workflow; prompts/job IDs not stored in repo
AlgoMon Animation	Convention load: NULLBYTE Evolved battle frame/manifest	AlgoMon/Assets/_AlgoMon/Sprites/NULLBYTE/Evolved/Hit/Nullbyte_Evolved_Hit_05.png	Confirmed: project sprite animation/species art generated by author with PixelLab workflow; prompts/job IDs not stored in repo
AlgoMon Animation	Convention load: NULLBYTE Evolved battle frame/manifest	AlgoMon/Assets/_AlgoMon/Sprites/NULLBYTE/Evolved/Hit/Nullbyte_Evolved_Hit_06.png	Confirmed: project sprite animation/species art generated by author with PixelLab workflow; prompts/job IDs not stored in repo
AlgoMon Animation	Convention load: NULLBYTE Evolved battle frame/manifest	AlgoMon/Assets/_AlgoMon/Sprites/NULLBYTE/Evolved/Hit/Nullbyte_Evolved_Hit_07.png	Confirmed: project sprite animation/species art generated by author with PixelLab workflow; prompts/job IDs not stored in repo
AlgoMon Animation	Convention load: NULLBYTE Evolved battle frame/manifest	AlgoMon/Assets/_AlgoMon/Sprites/NULLBYTE/Evolved/Hit/Nullbyte_Evolved_Hit_08.png	Confirmed: project sprite animation/species art generated by author with PixelLab workflow; prompts/job IDs not stored in repo
AlgoMon Animation	Convention load: NULLBYTE Evolved battle frame/manifest	AlgoMon/Assets/_AlgoMon/Sprites/NULLBYTE/Evolved/Hit/Nullbyte_Evolved_Hit_09.png	Confirmed: project sprite animation/species art generated by author with PixelLab workflow; prompts/job IDs not stored in repo
AlgoMon Animation	Convention load: NULLBYTE Evolved battle frame/manifest	AlgoMon/Assets/_AlgoMon/Sprites/NULLBYTE/Evolved/Idle/Nullbyte_Evolved_Idle_01.png	Confirmed: project sprite animation/species art generated by author with PixelLab workflow; prompts/job IDs not stored in repo
AlgoMon Animation	Convention load: NULLBYTE Evolved battle frame/manifest	AlgoMon/Assets/_AlgoMon/Sprites/NULLBYTE/Evolved/Idle/Nullbyte_Evolved_Idle_02.png	Confirmed: project sprite animation/species art generated by author with PixelLab workflow; prompts/job IDs not stored in repo
AlgoMon Animation	Convention load: NULLBYTE Evolved battle frame/manifest	AlgoMon/Assets/_AlgoMon/Sprites/NULLBYTE/Evolved/Idle/Nullbyte_Evolved_Idle_03.png	Confirmed: project sprite animation/species art generated by author with PixelLab workflow; prompts/job IDs not stored in repo
AlgoMon Animation	Convention load: NULLBYTE Evolved battle frame/manifest	AlgoMon/Assets/_AlgoMon/Sprites/NULLBYTE/Evolved/Idle/Nullbyte_Evolved_Idle_04.png	Confirmed: project sprite animation/species art generated by author with PixelLab workflow; prompts/job IDs not stored in repo
AlgoMon Animation	Convention load: NULLBYTE Evolved battle frame/manifest	AlgoMon/Assets/_AlgoMon/Sprites/NULLBYTE/Evolved/Idle/Nullbyte_Evolved_Idle_05.png	Confirmed: project sprite animation/species art generated by author with PixelLab workflow; prompts/job IDs not stored in repo
AlgoMon Animation	Convention load: NULLBYTE Evolved battle frame/manifest	AlgoMon/Assets/_AlgoMon/Sprites/NULLBYTE/Evolved/Idle/Nullbyte_Evolved_Idle_06.png	Confirmed: project sprite animation/species art generated by author with PixelLab workflow; prompts/job IDs not stored in repo
AlgoMon Animation	Convention load: NULLBYTE Evolved battle frame/manifest	AlgoMon/Assets/_AlgoMon/Sprites/NULLBYTE/Evolved/Idle/Nullbyte_Evolved_Idle_07.png	Confirmed: project sprite animation/species art generated by author with PixelLab workflow; prompts/job IDs not stored in repo
AlgoMon Animation	Convention load: NULLBYTE Evolved battle frame/manifest	AlgoMon/Assets/_AlgoMon/Sprites/NULLBYTE/Evolved/Idle/Nullbyte_Evolved_Idle_08.png	Confirmed: project sprite animation/species art generated by author with PixelLab workflow; prompts/job IDs not stored in repo
AlgoMon Animation	Convention load: NULLBYTE Evolved battle frame/manifest	AlgoMon/Assets/_AlgoMon/Sprites/NULLBYTE/Evolved/Idle/Nullbyte_Evolved_Idle_09.png	Confirmed: project sprite animation/species art generated by author with PixelLab workflow; prompts/job IDs not stored in repo
AlgoMon Animation	Convention load: NULLBYTE Evolved battle frame/manifest	AlgoMon/Assets/_AlgoMon/Sprites/NULLBYTE/Evolved/Idle/Nullbyte_Evolved_Idle_10.png	Confirmed: project sprite animation/species art generated by author with PixelLab workflow; prompts/job IDs not stored in repo
AlgoMon Animation	Convention load: NULLBYTE Evolved battle frame/manifest	AlgoMon/Assets/_AlgoMon/Sprites/NULLBYTE/Evolved/Idle/Nullbyte_Evolved_Idle_11.png	Confirmed: project sprite animation/species art generated by author with PixelLab workflow; prompts/job IDs not stored in repo
AlgoMon Animation	Convention load: NULLBYTE Evolved battle frame/manifest	AlgoMon/Assets/_AlgoMon/Sprites/NULLBYTE/Evolved/Status/Nullbyte_Evolved_Status_01.png	Confirmed: project sprite animation/species art generated by author with PixelLab workflow; prompts/job IDs not stored in repo
AlgoMon Animation	Convention load: NULLBYTE Evolved battle frame/manifest	AlgoMon/Assets/_AlgoMon/Sprites/NULLBYTE/Evolved/Status/Nullbyte_Evolved_Status_02.png	Confirmed: project sprite animation/species art generated by author with PixelLab workflow; prompts/job IDs not stored in repo
AlgoMon Animation	Convention load: NULLBYTE Evolved battle frame/manifest	AlgoMon/Assets/_AlgoMon/Sprites/NULLBYTE/Evolved/Status/Nullbyte_Evolved_Status_03.png	Confirmed: project sprite animation/species art generated by author with PixelLab workflow; prompts/job IDs not stored in repo
AlgoMon Animation	Convention load: NULLBYTE Evolved battle frame/manifest	AlgoMon/Assets/_AlgoMon/Sprites/NULLBYTE/Evolved/Status/Nullbyte_Evolved_Status_04.png	Confirmed: project sprite animation/species art generated by author with PixelLab workflow; prompts/job IDs not stored in repo
AlgoMon Animation	Convention load: NULLBYTE Evolved battle frame/manifest	AlgoMon/Assets/_AlgoMon/Sprites/NULLBYTE/Evolved/Status/Nullbyte_Evolved_Status_05.png	Confirmed: project sprite animation/species art generated by author with PixelLab workflow; prompts/job IDs not stored in repo
AlgoMon Animation	Convention load: NULLBYTE Evolved battle frame/manifest	AlgoMon/Assets/_AlgoMon/Sprites/NULLBYTE/Evolved/Status/Nullbyte_Evolved_Status_06.png	Confirmed: project sprite animation/species art generated by author with PixelLab workflow; prompts/job IDs not stored in repo
AlgoMon Animation	Convention load: NULLBYTE Evolved battle frame/manifest	AlgoMon/Assets/_AlgoMon/Sprites/NULLBYTE/Evolved/Status/Nullbyte_Evolved_Status_07.png	Confirmed: project sprite animation/species art generated by author with PixelLab workflow; prompts/job IDs not stored in repo
AlgoMon Animation	Convention load: NULLBYTE Evolved battle frame/manifest	AlgoMon/Assets/_AlgoMon/Sprites/NULLBYTE/Evolved/Status/Nullbyte_Evolved_Status_08.png	Confirmed: project sprite animation/species art generated by author with PixelLab workflow; prompts/job IDs not stored in repo
AlgoMon Animation	Convention load: NULLBYTE Evolved battle frame/manifest	AlgoMon/Assets/_AlgoMon/Sprites/NULLBYTE/Evolved/Status/Nullbyte_Evolved_Status_09.png	Confirmed: project sprite animation/species art generated by author with PixelLab workflow; prompts/job IDs not stored in repo
AlgoMon Animation	Convention load: NULLBYTE Evolved battle frame/manifest	AlgoMon/Assets/_AlgoMon/Sprites/NULLBYTE/Evolved/Status/Nullbyte_Evolved_Status_10.png	Confirmed: project sprite animation/species art generated by author with PixelLab workflow; prompts/job IDs not stored in repo
AlgoMon Animation	Convention load: NULLBYTE Evolved battle frame/manifest	AlgoMon/Assets/_AlgoMon/Sprites/NULLBYTE/Evolved/Status/Nullbyte_Evolved_Status_11.png	Confirmed: project sprite animation/species art generated by author with PixelLab workflow; prompts/job IDs not stored in repo
AlgoMon Animation	Convention load: OVERFLUX Base battle frame/manifest	AlgoMon/Assets/_AlgoMon/Sprites/OVERFLUX/Base/Attack/Overflux_Base_Attack_01.png	Confirmed: project sprite animation/species art generated by author with PixelLab workflow; prompts/job IDs not stored in repo
AlgoMon Animation	Convention load: OVERFLUX Base battle frame/manifest	AlgoMon/Assets/_AlgoMon/Sprites/OVERFLUX/Base/Attack/Overflux_Base_Attack_02.png	Confirmed: project sprite animation/species art generated by author with PixelLab workflow; prompts/job IDs not stored in repo
AlgoMon Animation	Convention load: OVERFLUX Base battle frame/manifest	AlgoMon/Assets/_AlgoMon/Sprites/OVERFLUX/Base/Attack/Overflux_Base_Attack_03.png	Confirmed: project sprite animation/species art generated by author with PixelLab workflow; prompts/job IDs not stored in repo
AlgoMon Animation	Convention load: OVERFLUX Base battle frame/manifest	AlgoMon/Assets/_AlgoMon/Sprites/OVERFLUX/Base/Attack/Overflux_Base_Attack_04.png	Confirmed: project sprite animation/species art generated by author with PixelLab workflow; prompts/job IDs not stored in repo
AlgoMon Animation	Convention load: OVERFLUX Base battle frame/manifest	AlgoMon/Assets/_AlgoMon/Sprites/OVERFLUX/Base/Attack/Overflux_Base_Attack_05.png	Confirmed: project sprite animation/species art generated by author with PixelLab workflow; prompts/job IDs not stored in repo
AlgoMon Animation	Convention load: OVERFLUX Base battle frame/manifest	AlgoMon/Assets/_AlgoMon/Sprites/OVERFLUX/Base/Attack/Overflux_Base_Attack_06.png	Confirmed: project sprite animation/species art generated by author with PixelLab workflow; prompts/job IDs not stored in repo
AlgoMon Animation	Convention load: OVERFLUX Base battle frame/manifest	AlgoMon/Assets/_AlgoMon/Sprites/OVERFLUX/Base/Attack/Overflux_Base_Attack_07.png	Confirmed: project sprite animation/species art generated by author with PixelLab workflow; prompts/job IDs not stored in repo
AlgoMon Animation	Convention load: OVERFLUX Base battle frame/manifest	AlgoMon/Assets/_AlgoMon/Sprites/OVERFLUX/Base/Attack/Overflux_Base_Attack_08.png	Confirmed: project sprite animation/species art generated by author with PixelLab workflow; prompts/job IDs not stored in repo
AlgoMon Animation	Convention load: OVERFLUX Base battle frame/manifest	AlgoMon/Assets/_AlgoMon/Sprites/OVERFLUX/Base/Attack/Overflux_Base_Attack_09.png	Confirmed: project sprite animation/species art generated by author with PixelLab workflow; prompts/job IDs not stored in repo
AlgoMon Animation	Convention load: OVERFLUX Base battle frame/manifest	AlgoMon/Assets/_AlgoMon/Sprites/OVERFLUX/Base/Attack/Overflux_Base_Attack_10.png	Confirmed: project sprite animation/species art generated by author with PixelLab workflow; prompts/job IDs not stored in repo
AlgoMon Animation	Convention load: OVERFLUX Base battle frame/manifest	AlgoMon/Assets/_AlgoMon/Sprites/OVERFLUX/Base/Attack/Overflux_Base_Attack_11.png	Confirmed: project sprite animation/species art generated by author with PixelLab workflow; prompts/job IDs not stored in repo
AlgoMon Animation	Convention load: OVERFLUX Base battle frame/manifest	AlgoMon/Assets/_AlgoMon/Sprites/OVERFLUX/Base/Attack/Overflux_Base_Attack_12.png	Confirmed: project sprite animation/species art generated by author with PixelLab workflow; prompts/job IDs not stored in repo
AlgoMon Animation	Convention load: OVERFLUX Base battle frame/manifest	AlgoMon/Assets/_AlgoMon/Sprites/OVERFLUX/Base/Attack/Overflux_Base_Attack_13.png	Confirmed: project sprite animation/species art generated by author with PixelLab workflow; prompts/job IDs not stored in repo
AlgoMon Animation	Convention load: OVERFLUX Base battle frame/manifest	AlgoMon/Assets/_AlgoMon/Sprites/OVERFLUX/Base/Attack/Overflux_Base_Attack_14.png	Confirmed: project sprite animation/species art generated by author with PixelLab workflow; prompts/job IDs not stored in repo
AlgoMon Animation	Convention load: OVERFLUX Base battle frame/manifest	AlgoMon/Assets/_AlgoMon/Sprites/OVERFLUX/Base/Attack/Overflux_Base_Attack_15.png	Confirmed: project sprite animation/species art generated by author with PixelLab workflow; prompts/job IDs not stored in repo
AlgoMon Animation	Convention load: OVERFLUX Base battle frame/manifest	AlgoMon/Assets/_AlgoMon/Sprites/OVERFLUX/Base/Attack/Overflux_Base_Attack_16.png	Confirmed: project sprite animation/species art generated by author with PixelLab workflow; prompts/job IDs not stored in repo
AlgoMon Animation	Convention load: OVERFLUX Base battle frame/manifest	AlgoMon/Assets/_AlgoMon/Sprites/OVERFLUX/Base/Attack/Overflux_Base_Attack_17.png	Confirmed: project sprite animation/species art generated by author with PixelLab workflow; prompts/job IDs not stored in repo
AlgoMon Animation	Convention load: OVERFLUX Base battle frame/manifest	AlgoMon/Assets/_AlgoMon/Sprites/OVERFLUX/Base/battle_animation_manifest.json	Confirmed: project sprite animation/species art generated by author with PixelLab workflow; prompts/job IDs not stored in repo
AlgoMon Animation	Convention load: OVERFLUX Base battle frame/manifest	AlgoMon/Assets/_AlgoMon/Sprites/OVERFLUX/Base/Defense/Overflux_Base_Defense_01.png	Confirmed: project sprite animation/species art generated by author with PixelLab workflow; prompts/job IDs not stored in repo
AlgoMon Animation	Convention load: OVERFLUX Base battle frame/manifest	AlgoMon/Assets/_AlgoMon/Sprites/OVERFLUX/Base/Defense/Overflux_Base_Defense_02.png	Confirmed: project sprite animation/species art generated by author with PixelLab workflow; prompts/job IDs not stored in repo
AlgoMon Animation	Convention load: OVERFLUX Base battle frame/manifest	AlgoMon/Assets/_AlgoMon/Sprites/OVERFLUX/Base/Defense/Overflux_Base_Defense_03.png	Confirmed: project sprite animation/species art generated by author with PixelLab workflow; prompts/job IDs not stored in repo
AlgoMon Animation	Convention load: OVERFLUX Base battle frame/manifest	AlgoMon/Assets/_AlgoMon/Sprites/OVERFLUX/Base/Defense/Overflux_Base_Defense_04.png	Confirmed: project sprite animation/species art generated by author with PixelLab workflow; prompts/job IDs not stored in repo
AlgoMon Animation	Convention load: OVERFLUX Base battle frame/manifest	AlgoMon/Assets/_AlgoMon/Sprites/OVERFLUX/Base/Defense/Overflux_Base_Defense_05.png	Confirmed: project sprite animation/species art generated by author with PixelLab workflow; prompts/job IDs not stored in repo
AlgoMon Animation	Convention load: OVERFLUX Base battle frame/manifest	AlgoMon/Assets/_AlgoMon/Sprites/OVERFLUX/Base/Defense/Overflux_Base_Defense_06.png	Confirmed: project sprite animation/species art generated by author with PixelLab workflow; prompts/job IDs not stored in repo
AlgoMon Animation	Convention load: OVERFLUX Base battle frame/manifest	AlgoMon/Assets/_AlgoMon/Sprites/OVERFLUX/Base/Defense/Overflux_Base_Defense_07.png	Confirmed: project sprite animation/species art generated by author with PixelLab workflow; prompts/job IDs not stored in repo
AlgoMon Animation	Convention load: OVERFLUX Base battle frame/manifest	AlgoMon/Assets/_AlgoMon/Sprites/OVERFLUX/Base/Defense/Overflux_Base_Defense_08.png	Confirmed: project sprite animation/species art generated by author with PixelLab workflow; prompts/job IDs not stored in repo
AlgoMon Animation	Convention load: OVERFLUX Base battle frame/manifest	AlgoMon/Assets/_AlgoMon/Sprites/OVERFLUX/Base/Defense/Overflux_Base_Defense_09.png	Confirmed: project sprite animation/species art generated by author with PixelLab workflow; prompts/job IDs not stored in repo
AlgoMon Animation	Convention load: OVERFLUX Base battle frame/manifest	AlgoMon/Assets/_AlgoMon/Sprites/OVERFLUX/Base/Defense/Overflux_Base_Defense_10.png	Confirmed: project sprite animation/species art generated by author with PixelLab workflow; prompts/job IDs not stored in repo
AlgoMon Animation	Convention load: OVERFLUX Base battle frame/manifest	AlgoMon/Assets/_AlgoMon/Sprites/OVERFLUX/Base/Defense/Overflux_Base_Defense_11.png	Confirmed: project sprite animation/species art generated by author with PixelLab workflow; prompts/job IDs not stored in repo
AlgoMon Animation	Convention load: OVERFLUX Base battle frame/manifest	AlgoMon/Assets/_AlgoMon/Sprites/OVERFLUX/Base/Defense/Overflux_Base_Defense_12.png	Confirmed: project sprite animation/species art generated by author with PixelLab workflow; prompts/job IDs not stored in repo
AlgoMon Animation	Convention load: OVERFLUX Base battle frame/manifest	AlgoMon/Assets/_AlgoMon/Sprites/OVERFLUX/Base/Defense/Overflux_Base_Defense_13.png	Confirmed: project sprite animation/species art generated by author with PixelLab workflow; prompts/job IDs not stored in repo
AlgoMon Animation	Convention load: OVERFLUX Base battle frame/manifest	AlgoMon/Assets/_AlgoMon/Sprites/OVERFLUX/Base/Defense/Overflux_Base_Defense_14.png	Confirmed: project sprite animation/species art generated by author with PixelLab workflow; prompts/job IDs not stored in repo
AlgoMon Animation	Convention load: OVERFLUX Base battle frame/manifest	AlgoMon/Assets/_AlgoMon/Sprites/OVERFLUX/Base/Defense/Overflux_Base_Defense_15.png	Confirmed: project sprite animation/species art generated by author with PixelLab workflow; prompts/job IDs not stored in repo
AlgoMon Animation	Convention load: OVERFLUX Base battle frame/manifest	AlgoMon/Assets/_AlgoMon/Sprites/OVERFLUX/Base/Defense/Overflux_Base_Defense_16.png	Confirmed: project sprite animation/species art generated by author with PixelLab workflow; prompts/job IDs not stored in repo
AlgoMon Animation	Convention load: OVERFLUX Base battle frame/manifest	AlgoMon/Assets/_AlgoMon/Sprites/OVERFLUX/Base/Defense/Overflux_Base_Defense_17.png	Confirmed: project sprite animation/species art generated by author with PixelLab workflow; prompts/job IDs not stored in repo
AlgoMon Animation	Convention load: OVERFLUX Base battle frame/manifest	AlgoMon/Assets/_AlgoMon/Sprites/OVERFLUX/Base/Faint/Overflux_Base_Faint_01.png	Confirmed: project sprite animation/species art generated by author with PixelLab workflow; prompts/job IDs not stored in repo
AlgoMon Animation	Convention load: OVERFLUX Base battle frame/manifest	AlgoMon/Assets/_AlgoMon/Sprites/OVERFLUX/Base/Faint/Overflux_Base_Faint_02.png	Confirmed: project sprite animation/species art generated by author with PixelLab workflow; prompts/job IDs not stored in repo
AlgoMon Animation	Convention load: OVERFLUX Base battle frame/manifest	AlgoMon/Assets/_AlgoMon/Sprites/OVERFLUX/Base/Faint/Overflux_Base_Faint_03.png	Confirmed: project sprite animation/species art generated by author with PixelLab workflow; prompts/job IDs not stored in repo
AlgoMon Animation	Convention load: OVERFLUX Base battle frame/manifest	AlgoMon/Assets/_AlgoMon/Sprites/OVERFLUX/Base/Faint/Overflux_Base_Faint_04.png	Confirmed: project sprite animation/species art generated by author with PixelLab workflow; prompts/job IDs not stored in repo
AlgoMon Animation	Convention load: OVERFLUX Base battle frame/manifest	AlgoMon/Assets/_AlgoMon/Sprites/OVERFLUX/Base/Faint/Overflux_Base_Faint_05.png	Confirmed: project sprite animation/species art generated by author with PixelLab workflow; prompts/job IDs not stored in repo
AlgoMon Animation	Convention load: OVERFLUX Base battle frame/manifest	AlgoMon/Assets/_AlgoMon/Sprites/OVERFLUX/Base/Faint/Overflux_Base_Faint_06.png	Confirmed: project sprite animation/species art generated by author with PixelLab workflow; prompts/job IDs not stored in repo
AlgoMon Animation	Convention load: OVERFLUX Base battle frame/manifest	AlgoMon/Assets/_AlgoMon/Sprites/OVERFLUX/Base/Hit/Overflux_Base_Hit_01.png	Confirmed: project sprite animation/species art generated by author with PixelLab workflow; prompts/job IDs not stored in repo
AlgoMon Animation	Convention load: OVERFLUX Base battle frame/manifest	AlgoMon/Assets/_AlgoMon/Sprites/OVERFLUX/Base/Hit/Overflux_Base_Hit_02.png	Confirmed: project sprite animation/species art generated by author with PixelLab workflow; prompts/job IDs not stored in repo
AlgoMon Animation	Convention load: OVERFLUX Base battle frame/manifest	AlgoMon/Assets/_AlgoMon/Sprites/OVERFLUX/Base/Hit/Overflux_Base_Hit_03.png	Confirmed: project sprite animation/species art generated by author with PixelLab workflow; prompts/job IDs not stored in repo
AlgoMon Animation	Convention load: OVERFLUX Base battle frame/manifest	AlgoMon/Assets/_AlgoMon/Sprites/OVERFLUX/Base/Hit/Overflux_Base_Hit_04.png	Confirmed: project sprite animation/species art generated by author with PixelLab workflow; prompts/job IDs not stored in repo
AlgoMon Animation	Convention load: OVERFLUX Base battle frame/manifest	AlgoMon/Assets/_AlgoMon/Sprites/OVERFLUX/Base/Hit/Overflux_Base_Hit_05.png	Confirmed: project sprite animation/species art generated by author with PixelLab workflow; prompts/job IDs not stored in repo
AlgoMon Animation	Convention load: OVERFLUX Base battle frame/manifest	AlgoMon/Assets/_AlgoMon/Sprites/OVERFLUX/Base/Hit/Overflux_Base_Hit_06.png	Confirmed: project sprite animation/species art generated by author with PixelLab workflow; prompts/job IDs not stored in repo
AlgoMon Animation	Convention load: OVERFLUX Base battle frame/manifest	AlgoMon/Assets/_AlgoMon/Sprites/OVERFLUX/Base/Hit/Overflux_Base_Hit_07.png	Confirmed: project sprite animation/species art generated by author with PixelLab workflow; prompts/job IDs not stored in repo
AlgoMon Animation	Convention load: OVERFLUX Base battle frame/manifest	AlgoMon/Assets/_AlgoMon/Sprites/OVERFLUX/Base/Hit/Overflux_Base_Hit_08.png	Confirmed: project sprite animation/species art generated by author with PixelLab workflow; prompts/job IDs not stored in repo
AlgoMon Animation	Convention load: OVERFLUX Base battle frame/manifest	AlgoMon/Assets/_AlgoMon/Sprites/OVERFLUX/Base/Hit/Overflux_Base_Hit_09.png	Confirmed: project sprite animation/species art generated by author with PixelLab workflow; prompts/job IDs not stored in repo
AlgoMon Animation	Convention load: OVERFLUX Base battle frame/manifest	AlgoMon/Assets/_AlgoMon/Sprites/OVERFLUX/Base/Idle/Overflux_Base_Idle_01.png	Confirmed: project sprite animation/species art generated by author with PixelLab workflow; prompts/job IDs not stored in repo
AlgoMon Animation	Convention load: OVERFLUX Base battle frame/manifest	AlgoMon/Assets/_AlgoMon/Sprites/OVERFLUX/Base/Idle/Overflux_Base_Idle_02.png	Confirmed: project sprite animation/species art generated by author with PixelLab workflow; prompts/job IDs not stored in repo
AlgoMon Animation	Convention load: OVERFLUX Base battle frame/manifest	AlgoMon/Assets/_AlgoMon/Sprites/OVERFLUX/Base/Idle/Overflux_Base_Idle_03.png	Confirmed: project sprite animation/species art generated by author with PixelLab workflow; prompts/job IDs not stored in repo
AlgoMon Animation	Convention load: OVERFLUX Base battle frame/manifest	AlgoMon/Assets/_AlgoMon/Sprites/OVERFLUX/Base/Idle/Overflux_Base_Idle_04.png	Confirmed: project sprite animation/species art generated by author with PixelLab workflow; prompts/job IDs not stored in repo
AlgoMon Animation	Convention load: OVERFLUX Base battle frame/manifest	AlgoMon/Assets/_AlgoMon/Sprites/OVERFLUX/Base/Idle/Overflux_Base_Idle_05.png	Confirmed: project sprite animation/species art generated by author with PixelLab workflow; prompts/job IDs not stored in repo
AlgoMon Animation	Convention load: OVERFLUX Base battle frame/manifest	AlgoMon/Assets/_AlgoMon/Sprites/OVERFLUX/Base/Idle/Overflux_Base_Idle_06.png	Confirmed: project sprite animation/species art generated by author with PixelLab workflow; prompts/job IDs not stored in repo
AlgoMon Animation	Convention load: OVERFLUX Base battle frame/manifest	AlgoMon/Assets/_AlgoMon/Sprites/OVERFLUX/Base/Idle/Overflux_Base_Idle_07.png	Confirmed: project sprite animation/species art generated by author with PixelLab workflow; prompts/job IDs not stored in repo
AlgoMon Animation	Convention load: OVERFLUX Base battle frame/manifest	AlgoMon/Assets/_AlgoMon/Sprites/OVERFLUX/Base/Idle/Overflux_Base_Idle_08.png	Confirmed: project sprite animation/species art generated by author with PixelLab workflow; prompts/job IDs not stored in repo
AlgoMon Animation	Convention load: OVERFLUX Base battle frame/manifest	AlgoMon/Assets/_AlgoMon/Sprites/OVERFLUX/Base/Idle/Overflux_Base_Idle_09.png	Confirmed: project sprite animation/species art generated by author with PixelLab workflow; prompts/job IDs not stored in repo
AlgoMon Animation	Convention load: OVERFLUX Base battle frame/manifest	AlgoMon/Assets/_AlgoMon/Sprites/OVERFLUX/Base/Idle/Overflux_Base_Idle_10.png	Confirmed: project sprite animation/species art generated by author with PixelLab workflow; prompts/job IDs not stored in repo
AlgoMon Animation	Convention load: OVERFLUX Base battle frame/manifest	AlgoMon/Assets/_AlgoMon/Sprites/OVERFLUX/Base/Idle/Overflux_Base_Idle_11.png	Confirmed: project sprite animation/species art generated by author with PixelLab workflow; prompts/job IDs not stored in repo
AlgoMon Animation	Convention load: OVERFLUX Base battle frame/manifest	AlgoMon/Assets/_AlgoMon/Sprites/OVERFLUX/Base/Idle/Overflux_Base_Idle_12.png	Confirmed: project sprite animation/species art generated by author with PixelLab workflow; prompts/job IDs not stored in repo
AlgoMon Animation	Convention load: OVERFLUX Base battle frame/manifest	AlgoMon/Assets/_AlgoMon/Sprites/OVERFLUX/Base/Idle/Overflux_Base_Idle_13.png	Confirmed: project sprite animation/species art generated by author with PixelLab workflow; prompts/job IDs not stored in repo
AlgoMon Animation	Convention load: OVERFLUX Base battle frame/manifest	AlgoMon/Assets/_AlgoMon/Sprites/OVERFLUX/Base/Idle/Overflux_Base_Idle_14.png	Confirmed: project sprite animation/species art generated by author with PixelLab workflow; prompts/job IDs not stored in repo
AlgoMon Animation	Convention load: OVERFLUX Base battle frame/manifest	AlgoMon/Assets/_AlgoMon/Sprites/OVERFLUX/Base/Idle/Overflux_Base_Idle_15.png	Confirmed: project sprite animation/species art generated by author with PixelLab workflow; prompts/job IDs not stored in repo
AlgoMon Animation	Convention load: OVERFLUX Base battle frame/manifest	AlgoMon/Assets/_AlgoMon/Sprites/OVERFLUX/Base/Idle/Overflux_Base_Idle_16.png	Confirmed: project sprite animation/species art generated by author with PixelLab workflow; prompts/job IDs not stored in repo
AlgoMon Animation	Convention load: OVERFLUX Base battle frame/manifest	AlgoMon/Assets/_AlgoMon/Sprites/OVERFLUX/Base/Idle/Overflux_Base_Idle_17.png	Confirmed: project sprite animation/species art generated by author with PixelLab workflow; prompts/job IDs not stored in repo
AlgoMon Animation	Convention load: OVERFLUX Base battle frame/manifest	AlgoMon/Assets/_AlgoMon/Sprites/OVERFLUX/Base/Status/Overflux_Base_Status_01.png	Confirmed: project sprite animation/species art generated by author with PixelLab workflow; prompts/job IDs not stored in repo
AlgoMon Animation	Convention load: OVERFLUX Base battle frame/manifest	AlgoMon/Assets/_AlgoMon/Sprites/OVERFLUX/Base/Status/Overflux_Base_Status_02.png	Confirmed: project sprite animation/species art generated by author with PixelLab workflow; prompts/job IDs not stored in repo
AlgoMon Animation	Convention load: OVERFLUX Base battle frame/manifest	AlgoMon/Assets/_AlgoMon/Sprites/OVERFLUX/Base/Status/Overflux_Base_Status_03.png	Confirmed: project sprite animation/species art generated by author with PixelLab workflow; prompts/job IDs not stored in repo
AlgoMon Animation	Convention load: OVERFLUX Base battle frame/manifest	AlgoMon/Assets/_AlgoMon/Sprites/OVERFLUX/Base/Status/Overflux_Base_Status_04.png	Confirmed: project sprite animation/species art generated by author with PixelLab workflow; prompts/job IDs not stored in repo
AlgoMon Animation	Convention load: OVERFLUX Base battle frame/manifest	AlgoMon/Assets/_AlgoMon/Sprites/OVERFLUX/Base/Status/Overflux_Base_Status_05.png	Confirmed: project sprite animation/species art generated by author with PixelLab workflow; prompts/job IDs not stored in repo
AlgoMon Animation	Convention load: OVERFLUX Base battle frame/manifest	AlgoMon/Assets/_AlgoMon/Sprites/OVERFLUX/Base/Status/Overflux_Base_Status_06.png	Confirmed: project sprite animation/species art generated by author with PixelLab workflow; prompts/job IDs not stored in repo
AlgoMon Animation	Convention load: OVERFLUX Base battle frame/manifest	AlgoMon/Assets/_AlgoMon/Sprites/OVERFLUX/Base/Status/Overflux_Base_Status_07.png	Confirmed: project sprite animation/species art generated by author with PixelLab workflow; prompts/job IDs not stored in repo
AlgoMon Animation	Convention load: OVERFLUX Base battle frame/manifest	AlgoMon/Assets/_AlgoMon/Sprites/OVERFLUX/Base/Status/Overflux_Base_Status_08.png	Confirmed: project sprite animation/species art generated by author with PixelLab workflow; prompts/job IDs not stored in repo
AlgoMon Animation	Convention load: OVERFLUX Base battle frame/manifest	AlgoMon/Assets/_AlgoMon/Sprites/OVERFLUX/Base/Status/Overflux_Base_Status_09.png	Confirmed: project sprite animation/species art generated by author with PixelLab workflow; prompts/job IDs not stored in repo
AlgoMon Animation	Convention load: OVERFLUX Base battle frame/manifest	AlgoMon/Assets/_AlgoMon/Sprites/OVERFLUX/Base/Status/Overflux_Base_Status_10.png	Confirmed: project sprite animation/species art generated by author with PixelLab workflow; prompts/job IDs not stored in repo
AlgoMon Animation	Convention load: OVERFLUX Base battle frame/manifest	AlgoMon/Assets/_AlgoMon/Sprites/OVERFLUX/Base/Status/Overflux_Base_Status_11.png	Confirmed: project sprite animation/species art generated by author with PixelLab workflow; prompts/job IDs not stored in repo
AlgoMon Animation	Convention load: OVERFLUX Base battle frame/manifest	AlgoMon/Assets/_AlgoMon/Sprites/OVERFLUX/Base/Status/Overflux_Base_Status_12.png	Confirmed: project sprite animation/species art generated by author with PixelLab workflow; prompts/job IDs not stored in repo
AlgoMon Animation	Convention load: OVERFLUX Base battle frame/manifest	AlgoMon/Assets/_AlgoMon/Sprites/OVERFLUX/Base/Status/Overflux_Base_Status_13.png	Confirmed: project sprite animation/species art generated by author with PixelLab workflow; prompts/job IDs not stored in repo
AlgoMon Animation	Convention load: OVERFLUX Evolved battle frame/manifest	AlgoMon/Assets/_AlgoMon/Sprites/OVERFLUX/Evolved/Attack/Overflux_Evolved_Attack_01.png	Confirmed: project sprite animation/species art generated by author with PixelLab workflow; prompts/job IDs not stored in repo
AlgoMon Animation	Convention load: OVERFLUX Evolved battle frame/manifest	AlgoMon/Assets/_AlgoMon/Sprites/OVERFLUX/Evolved/Attack/Overflux_Evolved_Attack_02.png	Confirmed: project sprite animation/species art generated by author with PixelLab workflow; prompts/job IDs not stored in repo
AlgoMon Animation	Convention load: OVERFLUX Evolved battle frame/manifest	AlgoMon/Assets/_AlgoMon/Sprites/OVERFLUX/Evolved/Attack/Overflux_Evolved_Attack_03.png	Confirmed: project sprite animation/species art generated by author with PixelLab workflow; prompts/job IDs not stored in repo
AlgoMon Animation	Convention load: OVERFLUX Evolved battle frame/manifest	AlgoMon/Assets/_AlgoMon/Sprites/OVERFLUX/Evolved/Attack/Overflux_Evolved_Attack_04.png	Confirmed: project sprite animation/species art generated by author with PixelLab workflow; prompts/job IDs not stored in repo
AlgoMon Animation	Convention load: OVERFLUX Evolved battle frame/manifest	AlgoMon/Assets/_AlgoMon/Sprites/OVERFLUX/Evolved/Attack/Overflux_Evolved_Attack_05.png	Confirmed: project sprite animation/species art generated by author with PixelLab workflow; prompts/job IDs not stored in repo
AlgoMon Animation	Convention load: OVERFLUX Evolved battle frame/manifest	AlgoMon/Assets/_AlgoMon/Sprites/OVERFLUX/Evolved/Attack/Overflux_Evolved_Attack_06.png	Confirmed: project sprite animation/species art generated by author with PixelLab workflow; prompts/job IDs not stored in repo
AlgoMon Animation	Convention load: OVERFLUX Evolved battle frame/manifest	AlgoMon/Assets/_AlgoMon/Sprites/OVERFLUX/Evolved/Attack/Overflux_Evolved_Attack_07.png	Confirmed: project sprite animation/species art generated by author with PixelLab workflow; prompts/job IDs not stored in repo
AlgoMon Animation	Convention load: OVERFLUX Evolved battle frame/manifest	AlgoMon/Assets/_AlgoMon/Sprites/OVERFLUX/Evolved/Attack/Overflux_Evolved_Attack_08.png	Confirmed: project sprite animation/species art generated by author with PixelLab workflow; prompts/job IDs not stored in repo
AlgoMon Animation	Convention load: OVERFLUX Evolved battle frame/manifest	AlgoMon/Assets/_AlgoMon/Sprites/OVERFLUX/Evolved/Attack/Overflux_Evolved_Attack_09.png	Confirmed: project sprite animation/species art generated by author with PixelLab workflow; prompts/job IDs not stored in repo
AlgoMon Animation	Convention load: OVERFLUX Evolved battle frame/manifest	AlgoMon/Assets/_AlgoMon/Sprites/OVERFLUX/Evolved/Attack/Overflux_Evolved_Attack_10.png	Confirmed: project sprite animation/species art generated by author with PixelLab workflow; prompts/job IDs not stored in repo
AlgoMon Animation	Convention load: OVERFLUX Evolved battle frame/manifest	AlgoMon/Assets/_AlgoMon/Sprites/OVERFLUX/Evolved/Attack/Overflux_Evolved_Attack_11.png	Confirmed: project sprite animation/species art generated by author with PixelLab workflow; prompts/job IDs not stored in repo
AlgoMon Animation	Convention load: OVERFLUX Evolved battle frame/manifest	AlgoMon/Assets/_AlgoMon/Sprites/OVERFLUX/Evolved/Attack/Overflux_Evolved_Attack_12.png	Confirmed: project sprite animation/species art generated by author with PixelLab workflow; prompts/job IDs not stored in repo
AlgoMon Animation	Convention load: OVERFLUX Evolved battle frame/manifest	AlgoMon/Assets/_AlgoMon/Sprites/OVERFLUX/Evolved/Attack/Overflux_Evolved_Attack_13.png	Confirmed: project sprite animation/species art generated by author with PixelLab workflow; prompts/job IDs not stored in repo
AlgoMon Animation	Convention load: OVERFLUX Evolved battle frame/manifest	AlgoMon/Assets/_AlgoMon/Sprites/OVERFLUX/Evolved/battle_animation_manifest.json	Confirmed: project sprite animation/species art generated by author with PixelLab workflow; prompts/job IDs not stored in repo
AlgoMon Animation	Convention load: OVERFLUX Evolved battle frame/manifest	AlgoMon/Assets/_AlgoMon/Sprites/OVERFLUX/Evolved/Defense/Overflux_Evolved_Defense_01.png	Confirmed: project sprite animation/species art generated by author with PixelLab workflow; prompts/job IDs not stored in repo
AlgoMon Animation	Convention load: OVERFLUX Evolved battle frame/manifest	AlgoMon/Assets/_AlgoMon/Sprites/OVERFLUX/Evolved/Defense/Overflux_Evolved_Defense_02.png	Confirmed: project sprite animation/species art generated by author with PixelLab workflow; prompts/job IDs not stored in repo
AlgoMon Animation	Convention load: OVERFLUX Evolved battle frame/manifest	AlgoMon/Assets/_AlgoMon/Sprites/OVERFLUX/Evolved/Defense/Overflux_Evolved_Defense_03.png	Confirmed: project sprite animation/species art generated by author with PixelLab workflow; prompts/job IDs not stored in repo
AlgoMon Animation	Convention load: OVERFLUX Evolved battle frame/manifest	AlgoMon/Assets/_AlgoMon/Sprites/OVERFLUX/Evolved/Defense/Overflux_Evolved_Defense_04.png	Confirmed: project sprite animation/species art generated by author with PixelLab workflow; prompts/job IDs not stored in repo
AlgoMon Animation	Convention load: OVERFLUX Evolved battle frame/manifest	AlgoMon/Assets/_AlgoMon/Sprites/OVERFLUX/Evolved/Defense/Overflux_Evolved_Defense_05.png	Confirmed: project sprite animation/species art generated by author with PixelLab workflow; prompts/job IDs not stored in repo
AlgoMon Animation	Convention load: OVERFLUX Evolved battle frame/manifest	AlgoMon/Assets/_AlgoMon/Sprites/OVERFLUX/Evolved/Defense/Overflux_Evolved_Defense_06.png	Confirmed: project sprite animation/species art generated by author with PixelLab workflow; prompts/job IDs not stored in repo
AlgoMon Animation	Convention load: OVERFLUX Evolved battle frame/manifest	AlgoMon/Assets/_AlgoMon/Sprites/OVERFLUX/Evolved/Defense/Overflux_Evolved_Defense_07.png	Confirmed: project sprite animation/species art generated by author with PixelLab workflow; prompts/job IDs not stored in repo
AlgoMon Animation	Convention load: OVERFLUX Evolved battle frame/manifest	AlgoMon/Assets/_AlgoMon/Sprites/OVERFLUX/Evolved/Defense/Overflux_Evolved_Defense_08.png	Confirmed: project sprite animation/species art generated by author with PixelLab workflow; prompts/job IDs not stored in repo
AlgoMon Animation	Convention load: OVERFLUX Evolved battle frame/manifest	AlgoMon/Assets/_AlgoMon/Sprites/OVERFLUX/Evolved/Defense/Overflux_Evolved_Defense_09.png	Confirmed: project sprite animation/species art generated by author with PixelLab workflow; prompts/job IDs not stored in repo
AlgoMon Animation	Convention load: OVERFLUX Evolved battle frame/manifest	AlgoMon/Assets/_AlgoMon/Sprites/OVERFLUX/Evolved/Defense/Overflux_Evolved_Defense_10.png	Confirmed: project sprite animation/species art generated by author with PixelLab workflow; prompts/job IDs not stored in repo
AlgoMon Animation	Convention load: OVERFLUX Evolved battle frame/manifest	AlgoMon/Assets/_AlgoMon/Sprites/OVERFLUX/Evolved/Defense/Overflux_Evolved_Defense_11.png	Confirmed: project sprite animation/species art generated by author with PixelLab workflow; prompts/job IDs not stored in repo
AlgoMon Animation	Convention load: OVERFLUX Evolved battle frame/manifest	AlgoMon/Assets/_AlgoMon/Sprites/OVERFLUX/Evolved/Defense/Overflux_Evolved_Defense_12.png	Confirmed: project sprite animation/species art generated by author with PixelLab workflow; prompts/job IDs not stored in repo
AlgoMon Animation	Convention load: OVERFLUX Evolved battle frame/manifest	AlgoMon/Assets/_AlgoMon/Sprites/OVERFLUX/Evolved/Defense/Overflux_Evolved_Defense_13.png	Confirmed: project sprite animation/species art generated by author with PixelLab workflow; prompts/job IDs not stored in repo
AlgoMon Animation	Convention load: OVERFLUX Evolved battle frame/manifest	AlgoMon/Assets/_AlgoMon/Sprites/OVERFLUX/Evolved/Faint/Overflux_Evolved_Faint_01.png	Confirmed: project sprite animation/species art generated by author with PixelLab workflow; prompts/job IDs not stored in repo
AlgoMon Animation	Convention load: OVERFLUX Evolved battle frame/manifest	AlgoMon/Assets/_AlgoMon/Sprites/OVERFLUX/Evolved/Faint/Overflux_Evolved_Faint_02.png	Confirmed: project sprite animation/species art generated by author with PixelLab workflow; prompts/job IDs not stored in repo
AlgoMon Animation	Convention load: OVERFLUX Evolved battle frame/manifest	AlgoMon/Assets/_AlgoMon/Sprites/OVERFLUX/Evolved/Faint/Overflux_Evolved_Faint_03.png	Confirmed: project sprite animation/species art generated by author with PixelLab workflow; prompts/job IDs not stored in repo
AlgoMon Animation	Convention load: OVERFLUX Evolved battle frame/manifest	AlgoMon/Assets/_AlgoMon/Sprites/OVERFLUX/Evolved/Faint/Overflux_Evolved_Faint_04.png	Confirmed: project sprite animation/species art generated by author with PixelLab workflow; prompts/job IDs not stored in repo
AlgoMon Animation	Convention load: OVERFLUX Evolved battle frame/manifest	AlgoMon/Assets/_AlgoMon/Sprites/OVERFLUX/Evolved/Faint/Overflux_Evolved_Faint_05.png	Confirmed: project sprite animation/species art generated by author with PixelLab workflow; prompts/job IDs not stored in repo
AlgoMon Animation	Convention load: OVERFLUX Evolved battle frame/manifest	AlgoMon/Assets/_AlgoMon/Sprites/OVERFLUX/Evolved/Faint/Overflux_Evolved_Faint_06.png	Confirmed: project sprite animation/species art generated by author with PixelLab workflow; prompts/job IDs not stored in repo
AlgoMon Animation	Convention load: OVERFLUX Evolved battle frame/manifest	AlgoMon/Assets/_AlgoMon/Sprites/OVERFLUX/Evolved/Faint/Overflux_Evolved_Faint_07.png	Confirmed: project sprite animation/species art generated by author with PixelLab workflow; prompts/job IDs not stored in repo
AlgoMon Animation	Convention load: OVERFLUX Evolved battle frame/manifest	AlgoMon/Assets/_AlgoMon/Sprites/OVERFLUX/Evolved/Faint/Overflux_Evolved_Faint_08.png	Confirmed: project sprite animation/species art generated by author with PixelLab workflow; prompts/job IDs not stored in repo
AlgoMon Animation	Convention load: OVERFLUX Evolved battle frame/manifest	AlgoMon/Assets/_AlgoMon/Sprites/OVERFLUX/Evolved/Faint/Overflux_Evolved_Faint_09.png	Confirmed: project sprite animation/species art generated by author with PixelLab workflow; prompts/job IDs not stored in repo
AlgoMon Animation	Convention load: OVERFLUX Evolved battle frame/manifest	AlgoMon/Assets/_AlgoMon/Sprites/OVERFLUX/Evolved/Hit/Overflux_Evolved_Hit_01.png	Confirmed: project sprite animation/species art generated by author with PixelLab workflow; prompts/job IDs not stored in repo
AlgoMon Animation	Convention load: OVERFLUX Evolved battle frame/manifest	AlgoMon/Assets/_AlgoMon/Sprites/OVERFLUX/Evolved/Hit/Overflux_Evolved_Hit_02.png	Confirmed: project sprite animation/species art generated by author with PixelLab workflow; prompts/job IDs not stored in repo
AlgoMon Animation	Convention load: OVERFLUX Evolved battle frame/manifest	AlgoMon/Assets/_AlgoMon/Sprites/OVERFLUX/Evolved/Hit/Overflux_Evolved_Hit_03.png	Confirmed: project sprite animation/species art generated by author with PixelLab workflow; prompts/job IDs not stored in repo
AlgoMon Animation	Convention load: OVERFLUX Evolved battle frame/manifest	AlgoMon/Assets/_AlgoMon/Sprites/OVERFLUX/Evolved/Hit/Overflux_Evolved_Hit_04.png	Confirmed: project sprite animation/species art generated by author with PixelLab workflow; prompts/job IDs not stored in repo
AlgoMon Animation	Convention load: OVERFLUX Evolved battle frame/manifest	AlgoMon/Assets/_AlgoMon/Sprites/OVERFLUX/Evolved/Hit/Overflux_Evolved_Hit_05.png	Confirmed: project sprite animation/species art generated by author with PixelLab workflow; prompts/job IDs not stored in repo
AlgoMon Animation	Convention load: OVERFLUX Evolved battle frame/manifest	AlgoMon/Assets/_AlgoMon/Sprites/OVERFLUX/Evolved/Hit/Overflux_Evolved_Hit_06.png	Confirmed: project sprite animation/species art generated by author with PixelLab workflow; prompts/job IDs not stored in repo
AlgoMon Animation	Convention load: OVERFLUX Evolved battle frame/manifest	AlgoMon/Assets/_AlgoMon/Sprites/OVERFLUX/Evolved/Hit/Overflux_Evolved_Hit_07.png	Confirmed: project sprite animation/species art generated by author with PixelLab workflow; prompts/job IDs not stored in repo
AlgoMon Animation	Convention load: OVERFLUX Evolved battle frame/manifest	AlgoMon/Assets/_AlgoMon/Sprites/OVERFLUX/Evolved/Hit/Overflux_Evolved_Hit_08.png	Confirmed: project sprite animation/species art generated by author with PixelLab workflow; prompts/job IDs not stored in repo
AlgoMon Animation	Convention load: OVERFLUX Evolved battle frame/manifest	AlgoMon/Assets/_AlgoMon/Sprites/OVERFLUX/Evolved/Hit/Overflux_Evolved_Hit_09.png	Confirmed: project sprite animation/species art generated by author with PixelLab workflow; prompts/job IDs not stored in repo
AlgoMon Animation	Convention load: OVERFLUX Evolved battle frame/manifest	AlgoMon/Assets/_AlgoMon/Sprites/OVERFLUX/Evolved/Hit/Overflux_Evolved_Hit_10.png	Confirmed: project sprite animation/species art generated by author with PixelLab workflow; prompts/job IDs not stored in repo
AlgoMon Animation	Convention load: OVERFLUX Evolved battle frame/manifest	AlgoMon/Assets/_AlgoMon/Sprites/OVERFLUX/Evolved/Idle/Overflux_Evolved_Idle_01.png	Confirmed: project sprite animation/species art generated by author with PixelLab workflow; prompts/job IDs not stored in repo
AlgoMon Animation	Convention load: OVERFLUX Evolved battle frame/manifest	AlgoMon/Assets/_AlgoMon/Sprites/OVERFLUX/Evolved/Idle/Overflux_Evolved_Idle_02.png	Confirmed: project sprite animation/species art generated by author with PixelLab workflow; prompts/job IDs not stored in repo
AlgoMon Animation	Convention load: OVERFLUX Evolved battle frame/manifest	AlgoMon/Assets/_AlgoMon/Sprites/OVERFLUX/Evolved/Idle/Overflux_Evolved_Idle_03.png	Confirmed: project sprite animation/species art generated by author with PixelLab workflow; prompts/job IDs not stored in repo
AlgoMon Animation	Convention load: OVERFLUX Evolved battle frame/manifest	AlgoMon/Assets/_AlgoMon/Sprites/OVERFLUX/Evolved/Idle/Overflux_Evolved_Idle_04.png	Confirmed: project sprite animation/species art generated by author with PixelLab workflow; prompts/job IDs not stored in repo
AlgoMon Animation	Convention load: OVERFLUX Evolved battle frame/manifest	AlgoMon/Assets/_AlgoMon/Sprites/OVERFLUX/Evolved/Idle/Overflux_Evolved_Idle_05.png	Confirmed: project sprite animation/species art generated by author with PixelLab workflow; prompts/job IDs not stored in repo
AlgoMon Animation	Convention load: OVERFLUX Evolved battle frame/manifest	AlgoMon/Assets/_AlgoMon/Sprites/OVERFLUX/Evolved/Idle/Overflux_Evolved_Idle_06.png	Confirmed: project sprite animation/species art generated by author with PixelLab workflow; prompts/job IDs not stored in repo
AlgoMon Animation	Convention load: OVERFLUX Evolved battle frame/manifest	AlgoMon/Assets/_AlgoMon/Sprites/OVERFLUX/Evolved/Idle/Overflux_Evolved_Idle_07.png	Confirmed: project sprite animation/species art generated by author with PixelLab workflow; prompts/job IDs not stored in repo
AlgoMon Animation	Convention load: OVERFLUX Evolved battle frame/manifest	AlgoMon/Assets/_AlgoMon/Sprites/OVERFLUX/Evolved/Idle/Overflux_Evolved_Idle_08.png	Confirmed: project sprite animation/species art generated by author with PixelLab workflow; prompts/job IDs not stored in repo
AlgoMon Animation	Convention load: OVERFLUX Evolved battle frame/manifest	AlgoMon/Assets/_AlgoMon/Sprites/OVERFLUX/Evolved/Idle/Overflux_Evolved_Idle_09.png	Confirmed: project sprite animation/species art generated by author with PixelLab workflow; prompts/job IDs not stored in repo
AlgoMon Animation	Convention load: OVERFLUX Evolved battle frame/manifest	AlgoMon/Assets/_AlgoMon/Sprites/OVERFLUX/Evolved/Idle/Overflux_Evolved_Idle_10.png	Confirmed: project sprite animation/species art generated by author with PixelLab workflow; prompts/job IDs not stored in repo
AlgoMon Animation	Convention load: OVERFLUX Evolved battle frame/manifest	AlgoMon/Assets/_AlgoMon/Sprites/OVERFLUX/Evolved/Status/Overflux_Evolved_Status_01.png	Confirmed: project sprite animation/species art generated by author with PixelLab workflow; prompts/job IDs not stored in repo
AlgoMon Animation	Convention load: OVERFLUX Evolved battle frame/manifest	AlgoMon/Assets/_AlgoMon/Sprites/OVERFLUX/Evolved/Status/Overflux_Evolved_Status_02.png	Confirmed: project sprite animation/species art generated by author with PixelLab workflow; prompts/job IDs not stored in repo
AlgoMon Animation	Convention load: OVERFLUX Evolved battle frame/manifest	AlgoMon/Assets/_AlgoMon/Sprites/OVERFLUX/Evolved/Status/Overflux_Evolved_Status_03.png	Confirmed: project sprite animation/species art generated by author with PixelLab workflow; prompts/job IDs not stored in repo
AlgoMon Animation	Convention load: OVERFLUX Evolved battle frame/manifest	AlgoMon/Assets/_AlgoMon/Sprites/OVERFLUX/Evolved/Status/Overflux_Evolved_Status_04.png	Confirmed: project sprite animation/species art generated by author with PixelLab workflow; prompts/job IDs not stored in repo
AlgoMon Animation	Convention load: OVERFLUX Evolved battle frame/manifest	AlgoMon/Assets/_AlgoMon/Sprites/OVERFLUX/Evolved/Status/Overflux_Evolved_Status_05.png	Confirmed: project sprite animation/species art generated by author with PixelLab workflow; prompts/job IDs not stored in repo
AlgoMon Animation	Convention load: OVERFLUX Evolved battle frame/manifest	AlgoMon/Assets/_AlgoMon/Sprites/OVERFLUX/Evolved/Status/Overflux_Evolved_Status_06.png	Confirmed: project sprite animation/species art generated by author with PixelLab workflow; prompts/job IDs not stored in repo
AlgoMon Animation	Convention load: OVERFLUX Evolved battle frame/manifest	AlgoMon/Assets/_AlgoMon/Sprites/OVERFLUX/Evolved/Status/Overflux_Evolved_Status_07.png	Confirmed: project sprite animation/species art generated by author with PixelLab workflow; prompts/job IDs not stored in repo
AlgoMon Animation	Convention load: OVERFLUX Evolved battle frame/manifest	AlgoMon/Assets/_AlgoMon/Sprites/OVERFLUX/Evolved/Status/Overflux_Evolved_Status_08.png	Confirmed: project sprite animation/species art generated by author with PixelLab workflow; prompts/job IDs not stored in repo
AlgoMon Animation	Convention load: OVERFLUX Evolved battle frame/manifest	AlgoMon/Assets/_AlgoMon/Sprites/OVERFLUX/Evolved/Status/Overflux_Evolved_Status_09.png	Confirmed: project sprite animation/species art generated by author with PixelLab workflow; prompts/job IDs not stored in repo
AlgoMon Animation	Convention load: OVERFLUX Evolved battle frame/manifest	AlgoMon/Assets/_AlgoMon/Sprites/OVERFLUX/Evolved/Status/Overflux_Evolved_Status_10.png	Confirmed: project sprite animation/species art generated by author with PixelLab workflow; prompts/job IDs not stored in repo
AlgoMon Animation	Convention load: OVERFLUX Evolved battle frame/manifest	AlgoMon/Assets/_AlgoMon/Sprites/OVERFLUX/Evolved/Status/Overflux_Evolved_Status_11.png	Confirmed: project sprite animation/species art generated by author with PixelLab workflow; prompts/job IDs not stored in repo
AlgoMon Animation	Convention load: RECURSIX Base battle frame/manifest	AlgoMon/Assets/_AlgoMon/Sprites/RECURSIX/Base/Attack/Recursix_Base_Attack_01.png	Confirmed: project sprite animation/species art generated by author with PixelLab workflow; prompts/job IDs not stored in repo
AlgoMon Animation	Convention load: RECURSIX Base battle frame/manifest	AlgoMon/Assets/_AlgoMon/Sprites/RECURSIX/Base/Attack/Recursix_Base_Attack_02.png	Confirmed: project sprite animation/species art generated by author with PixelLab workflow; prompts/job IDs not stored in repo
AlgoMon Animation	Convention load: RECURSIX Base battle frame/manifest	AlgoMon/Assets/_AlgoMon/Sprites/RECURSIX/Base/Attack/Recursix_Base_Attack_03.png	Confirmed: project sprite animation/species art generated by author with PixelLab workflow; prompts/job IDs not stored in repo
AlgoMon Animation	Convention load: RECURSIX Base battle frame/manifest	AlgoMon/Assets/_AlgoMon/Sprites/RECURSIX/Base/Attack/Recursix_Base_Attack_04.png	Confirmed: project sprite animation/species art generated by author with PixelLab workflow; prompts/job IDs not stored in repo
AlgoMon Animation	Convention load: RECURSIX Base battle frame/manifest	AlgoMon/Assets/_AlgoMon/Sprites/RECURSIX/Base/Attack/Recursix_Base_Attack_05.png	Confirmed: project sprite animation/species art generated by author with PixelLab workflow; prompts/job IDs not stored in repo
AlgoMon Animation	Convention load: RECURSIX Base battle frame/manifest	AlgoMon/Assets/_AlgoMon/Sprites/RECURSIX/Base/Attack/Recursix_Base_Attack_06.png	Confirmed: project sprite animation/species art generated by author with PixelLab workflow; prompts/job IDs not stored in repo
AlgoMon Animation	Convention load: RECURSIX Base battle frame/manifest	AlgoMon/Assets/_AlgoMon/Sprites/RECURSIX/Base/Attack/Recursix_Base_Attack_07.png	Confirmed: project sprite animation/species art generated by author with PixelLab workflow; prompts/job IDs not stored in repo
AlgoMon Animation	Convention load: RECURSIX Base battle frame/manifest	AlgoMon/Assets/_AlgoMon/Sprites/RECURSIX/Base/Attack/Recursix_Base_Attack_08.png	Confirmed: project sprite animation/species art generated by author with PixelLab workflow; prompts/job IDs not stored in repo
AlgoMon Animation	Convention load: RECURSIX Base battle frame/manifest	AlgoMon/Assets/_AlgoMon/Sprites/RECURSIX/Base/Attack/Recursix_Base_Attack_09.png	Confirmed: project sprite animation/species art generated by author with PixelLab workflow; prompts/job IDs not stored in repo
AlgoMon Animation	Convention load: RECURSIX Base battle frame/manifest	AlgoMon/Assets/_AlgoMon/Sprites/RECURSIX/Base/Attack/Recursix_Base_Attack_10.png	Confirmed: project sprite animation/species art generated by author with PixelLab workflow; prompts/job IDs not stored in repo
AlgoMon Animation	Convention load: RECURSIX Base battle frame/manifest	AlgoMon/Assets/_AlgoMon/Sprites/RECURSIX/Base/Attack/Recursix_Base_Attack_11.png	Confirmed: project sprite animation/species art generated by author with PixelLab workflow; prompts/job IDs not stored in repo
AlgoMon Animation	Convention load: RECURSIX Base battle frame/manifest	AlgoMon/Assets/_AlgoMon/Sprites/RECURSIX/Base/Attack/Recursix_Base_Attack_12.png	Confirmed: project sprite animation/species art generated by author with PixelLab workflow; prompts/job IDs not stored in repo
AlgoMon Animation	Convention load: RECURSIX Base battle frame/manifest	AlgoMon/Assets/_AlgoMon/Sprites/RECURSIX/Base/battle_animation_manifest.json	Confirmed: project sprite animation/species art generated by author with PixelLab workflow; prompts/job IDs not stored in repo
AlgoMon Animation	Convention load: RECURSIX Base battle frame/manifest	AlgoMon/Assets/_AlgoMon/Sprites/RECURSIX/Base/Defense/Recursix_Base_Defense_01.png	Confirmed: project sprite animation/species art generated by author with PixelLab workflow; prompts/job IDs not stored in repo
AlgoMon Animation	Convention load: RECURSIX Base battle frame/manifest	AlgoMon/Assets/_AlgoMon/Sprites/RECURSIX/Base/Defense/Recursix_Base_Defense_02.png	Confirmed: project sprite animation/species art generated by author with PixelLab workflow; prompts/job IDs not stored in repo
AlgoMon Animation	Convention load: RECURSIX Base battle frame/manifest	AlgoMon/Assets/_AlgoMon/Sprites/RECURSIX/Base/Defense/Recursix_Base_Defense_03.png	Confirmed: project sprite animation/species art generated by author with PixelLab workflow; prompts/job IDs not stored in repo
AlgoMon Animation	Convention load: RECURSIX Base battle frame/manifest	AlgoMon/Assets/_AlgoMon/Sprites/RECURSIX/Base/Defense/Recursix_Base_Defense_04.png	Confirmed: project sprite animation/species art generated by author with PixelLab workflow; prompts/job IDs not stored in repo
AlgoMon Animation	Convention load: RECURSIX Base battle frame/manifest	AlgoMon/Assets/_AlgoMon/Sprites/RECURSIX/Base/Defense/Recursix_Base_Defense_05.png	Confirmed: project sprite animation/species art generated by author with PixelLab workflow; prompts/job IDs not stored in repo
AlgoMon Animation	Convention load: RECURSIX Base battle frame/manifest	AlgoMon/Assets/_AlgoMon/Sprites/RECURSIX/Base/Defense/Recursix_Base_Defense_06.png	Confirmed: project sprite animation/species art generated by author with PixelLab workflow; prompts/job IDs not stored in repo
AlgoMon Animation	Convention load: RECURSIX Base battle frame/manifest	AlgoMon/Assets/_AlgoMon/Sprites/RECURSIX/Base/Defense/Recursix_Base_Defense_07.png	Confirmed: project sprite animation/species art generated by author with PixelLab workflow; prompts/job IDs not stored in repo
AlgoMon Animation	Convention load: RECURSIX Base battle frame/manifest	AlgoMon/Assets/_AlgoMon/Sprites/RECURSIX/Base/Defense/Recursix_Base_Defense_08.png	Confirmed: project sprite animation/species art generated by author with PixelLab workflow; prompts/job IDs not stored in repo
AlgoMon Animation	Convention load: RECURSIX Base battle frame/manifest	AlgoMon/Assets/_AlgoMon/Sprites/RECURSIX/Base/Defense/Recursix_Base_Defense_09.png	Confirmed: project sprite animation/species art generated by author with PixelLab workflow; prompts/job IDs not stored in repo
AlgoMon Animation	Convention load: RECURSIX Base battle frame/manifest	AlgoMon/Assets/_AlgoMon/Sprites/RECURSIX/Base/Defense/Recursix_Base_Defense_10.png	Confirmed: project sprite animation/species art generated by author with PixelLab workflow; prompts/job IDs not stored in repo
AlgoMon Animation	Convention load: RECURSIX Base battle frame/manifest	AlgoMon/Assets/_AlgoMon/Sprites/RECURSIX/Base/Defense/Recursix_Base_Defense_11.png	Confirmed: project sprite animation/species art generated by author with PixelLab workflow; prompts/job IDs not stored in repo
AlgoMon Animation	Convention load: RECURSIX Base battle frame/manifest	AlgoMon/Assets/_AlgoMon/Sprites/RECURSIX/Base/Defense/Recursix_Base_Defense_12.png	Confirmed: project sprite animation/species art generated by author with PixelLab workflow; prompts/job IDs not stored in repo
AlgoMon Animation	Convention load: RECURSIX Base battle frame/manifest	AlgoMon/Assets/_AlgoMon/Sprites/RECURSIX/Base/Defense/Recursix_Base_Defense_13.png	Confirmed: project sprite animation/species art generated by author with PixelLab workflow; prompts/job IDs not stored in repo
AlgoMon Animation	Convention load: RECURSIX Base battle frame/manifest	AlgoMon/Assets/_AlgoMon/Sprites/RECURSIX/Base/Defense/Recursix_Base_Defense_14.png	Confirmed: project sprite animation/species art generated by author with PixelLab workflow; prompts/job IDs not stored in repo
AlgoMon Animation	Convention load: RECURSIX Base battle frame/manifest	AlgoMon/Assets/_AlgoMon/Sprites/RECURSIX/Base/Defense/Recursix_Base_Defense_15.png	Confirmed: project sprite animation/species art generated by author with PixelLab workflow; prompts/job IDs not stored in repo
AlgoMon Animation	Convention load: RECURSIX Base battle frame/manifest	AlgoMon/Assets/_AlgoMon/Sprites/RECURSIX/Base/Defense/Recursix_Base_Defense_16.png	Confirmed: project sprite animation/species art generated by author with PixelLab workflow; prompts/job IDs not stored in repo
AlgoMon Animation	Convention load: RECURSIX Base battle frame/manifest	AlgoMon/Assets/_AlgoMon/Sprites/RECURSIX/Base/Defense/Recursix_Base_Defense_17.png	Confirmed: project sprite animation/species art generated by author with PixelLab workflow; prompts/job IDs not stored in repo
AlgoMon Animation	Convention load: RECURSIX Base battle frame/manifest	AlgoMon/Assets/_AlgoMon/Sprites/RECURSIX/Base/Defense/Recursix_Base_Defense_18.png	Confirmed: project sprite animation/species art generated by author with PixelLab workflow; prompts/job IDs not stored in repo
AlgoMon Animation	Convention load: RECURSIX Base battle frame/manifest	AlgoMon/Assets/_AlgoMon/Sprites/RECURSIX/Base/Faint/Recursix_Base_Faint_01.png	Confirmed: project sprite animation/species art generated by author with PixelLab workflow; prompts/job IDs not stored in repo
AlgoMon Animation	Convention load: RECURSIX Base battle frame/manifest	AlgoMon/Assets/_AlgoMon/Sprites/RECURSIX/Base/Faint/Recursix_Base_Faint_02.png	Confirmed: project sprite animation/species art generated by author with PixelLab workflow; prompts/job IDs not stored in repo
AlgoMon Animation	Convention load: RECURSIX Base battle frame/manifest	AlgoMon/Assets/_AlgoMon/Sprites/RECURSIX/Base/Faint/Recursix_Base_Faint_03.png	Confirmed: project sprite animation/species art generated by author with PixelLab workflow; prompts/job IDs not stored in repo
AlgoMon Animation	Convention load: RECURSIX Base battle frame/manifest	AlgoMon/Assets/_AlgoMon/Sprites/RECURSIX/Base/Faint/Recursix_Base_Faint_04.png	Confirmed: project sprite animation/species art generated by author with PixelLab workflow; prompts/job IDs not stored in repo
AlgoMon Animation	Convention load: RECURSIX Base battle frame/manifest	AlgoMon/Assets/_AlgoMon/Sprites/RECURSIX/Base/Faint/Recursix_Base_Faint_05.png	Confirmed: project sprite animation/species art generated by author with PixelLab workflow; prompts/job IDs not stored in repo
AlgoMon Animation	Convention load: RECURSIX Base battle frame/manifest	AlgoMon/Assets/_AlgoMon/Sprites/RECURSIX/Base/Faint/Recursix_Base_Faint_06.png	Confirmed: project sprite animation/species art generated by author with PixelLab workflow; prompts/job IDs not stored in repo
AlgoMon Animation	Convention load: RECURSIX Base battle frame/manifest	AlgoMon/Assets/_AlgoMon/Sprites/RECURSIX/Base/Faint/Recursix_Base_Faint_07.png	Confirmed: project sprite animation/species art generated by author with PixelLab workflow; prompts/job IDs not stored in repo
AlgoMon Animation	Convention load: RECURSIX Base battle frame/manifest	AlgoMon/Assets/_AlgoMon/Sprites/RECURSIX/Base/Faint/Recursix_Base_Faint_08.png	Confirmed: project sprite animation/species art generated by author with PixelLab workflow; prompts/job IDs not stored in repo
AlgoMon Animation	Convention load: RECURSIX Base battle frame/manifest	AlgoMon/Assets/_AlgoMon/Sprites/RECURSIX/Base/Faint/Recursix_Base_Faint_09.png	Confirmed: project sprite animation/species art generated by author with PixelLab workflow; prompts/job IDs not stored in repo
AlgoMon Animation	Convention load: RECURSIX Base battle frame/manifest	AlgoMon/Assets/_AlgoMon/Sprites/RECURSIX/Base/Hit/Recursix_Base_Hit_01.png	Confirmed: project sprite animation/species art generated by author with PixelLab workflow; prompts/job IDs not stored in repo
AlgoMon Animation	Convention load: RECURSIX Base battle frame/manifest	AlgoMon/Assets/_AlgoMon/Sprites/RECURSIX/Base/Hit/Recursix_Base_Hit_02.png	Confirmed: project sprite animation/species art generated by author with PixelLab workflow; prompts/job IDs not stored in repo
AlgoMon Animation	Convention load: RECURSIX Base battle frame/manifest	AlgoMon/Assets/_AlgoMon/Sprites/RECURSIX/Base/Hit/Recursix_Base_Hit_03.png	Confirmed: project sprite animation/species art generated by author with PixelLab workflow; prompts/job IDs not stored in repo
AlgoMon Animation	Convention load: RECURSIX Base battle frame/manifest	AlgoMon/Assets/_AlgoMon/Sprites/RECURSIX/Base/Hit/Recursix_Base_Hit_04.png	Confirmed: project sprite animation/species art generated by author with PixelLab workflow; prompts/job IDs not stored in repo
AlgoMon Animation	Convention load: RECURSIX Base battle frame/manifest	AlgoMon/Assets/_AlgoMon/Sprites/RECURSIX/Base/Hit/Recursix_Base_Hit_05.png	Confirmed: project sprite animation/species art generated by author with PixelLab workflow; prompts/job IDs not stored in repo
AlgoMon Animation	Convention load: RECURSIX Base battle frame/manifest	AlgoMon/Assets/_AlgoMon/Sprites/RECURSIX/Base/Hit/Recursix_Base_Hit_06.png	Confirmed: project sprite animation/species art generated by author with PixelLab workflow; prompts/job IDs not stored in repo
AlgoMon Animation	Convention load: RECURSIX Base battle frame/manifest	AlgoMon/Assets/_AlgoMon/Sprites/RECURSIX/Base/Hit/Recursix_Base_Hit_07.png	Confirmed: project sprite animation/species art generated by author with PixelLab workflow; prompts/job IDs not stored in repo
AlgoMon Animation	Convention load: RECURSIX Base battle frame/manifest	AlgoMon/Assets/_AlgoMon/Sprites/RECURSIX/Base/Hit/Recursix_Base_Hit_08.png	Confirmed: project sprite animation/species art generated by author with PixelLab workflow; prompts/job IDs not stored in repo
AlgoMon Animation	Convention load: RECURSIX Base battle frame/manifest	AlgoMon/Assets/_AlgoMon/Sprites/RECURSIX/Base/Hit/Recursix_Base_Hit_09.png	Confirmed: project sprite animation/species art generated by author with PixelLab workflow; prompts/job IDs not stored in repo
AlgoMon Animation	Convention load: RECURSIX Base battle frame/manifest	AlgoMon/Assets/_AlgoMon/Sprites/RECURSIX/Base/Idle/Recursix_Base_Idle_01.png	Confirmed: project sprite animation/species art generated by author with PixelLab workflow; prompts/job IDs not stored in repo
AlgoMon Animation	Convention load: RECURSIX Base battle frame/manifest	AlgoMon/Assets/_AlgoMon/Sprites/RECURSIX/Base/Idle/Recursix_Base_Idle_02.png	Confirmed: project sprite animation/species art generated by author with PixelLab workflow; prompts/job IDs not stored in repo
AlgoMon Animation	Convention load: RECURSIX Base battle frame/manifest	AlgoMon/Assets/_AlgoMon/Sprites/RECURSIX/Base/Idle/Recursix_Base_Idle_03.png	Confirmed: project sprite animation/species art generated by author with PixelLab workflow; prompts/job IDs not stored in repo
AlgoMon Animation	Convention load: RECURSIX Base battle frame/manifest	AlgoMon/Assets/_AlgoMon/Sprites/RECURSIX/Base/Idle/Recursix_Base_Idle_04.png	Confirmed: project sprite animation/species art generated by author with PixelLab workflow; prompts/job IDs not stored in repo
AlgoMon Animation	Convention load: RECURSIX Base battle frame/manifest	AlgoMon/Assets/_AlgoMon/Sprites/RECURSIX/Base/Idle/Recursix_Base_Idle_05.png	Confirmed: project sprite animation/species art generated by author with PixelLab workflow; prompts/job IDs not stored in repo
AlgoMon Animation	Convention load: RECURSIX Base battle frame/manifest	AlgoMon/Assets/_AlgoMon/Sprites/RECURSIX/Base/Idle/Recursix_Base_Idle_06.png	Confirmed: project sprite animation/species art generated by author with PixelLab workflow; prompts/job IDs not stored in repo
AlgoMon Animation	Convention load: RECURSIX Base battle frame/manifest	AlgoMon/Assets/_AlgoMon/Sprites/RECURSIX/Base/Idle/Recursix_Base_Idle_07.png	Confirmed: project sprite animation/species art generated by author with PixelLab workflow; prompts/job IDs not stored in repo
AlgoMon Animation	Convention load: RECURSIX Base battle frame/manifest	AlgoMon/Assets/_AlgoMon/Sprites/RECURSIX/Base/Idle/Recursix_Base_Idle_08.png	Confirmed: project sprite animation/species art generated by author with PixelLab workflow; prompts/job IDs not stored in repo
AlgoMon Animation	Convention load: RECURSIX Base battle frame/manifest	AlgoMon/Assets/_AlgoMon/Sprites/RECURSIX/Base/Idle/Recursix_Base_Idle_09.png	Confirmed: project sprite animation/species art generated by author with PixelLab workflow; prompts/job IDs not stored in repo
AlgoMon Animation	Convention load: RECURSIX Base battle frame/manifest	AlgoMon/Assets/_AlgoMon/Sprites/RECURSIX/Base/Idle/Recursix_Base_Idle_10.png	Confirmed: project sprite animation/species art generated by author with PixelLab workflow; prompts/job IDs not stored in repo
AlgoMon Animation	Convention load: RECURSIX Base battle frame/manifest	AlgoMon/Assets/_AlgoMon/Sprites/RECURSIX/Base/Idle/Recursix_Base_Idle_11.png	Confirmed: project sprite animation/species art generated by author with PixelLab workflow; prompts/job IDs not stored in repo
AlgoMon Animation	Convention load: RECURSIX Base battle frame/manifest	AlgoMon/Assets/_AlgoMon/Sprites/RECURSIX/Base/Status/Recursix_Base_Status_01.png	Confirmed: project sprite animation/species art generated by author with PixelLab workflow; prompts/job IDs not stored in repo
AlgoMon Animation	Convention load: RECURSIX Base battle frame/manifest	AlgoMon/Assets/_AlgoMon/Sprites/RECURSIX/Base/Status/Recursix_Base_Status_02.png	Confirmed: project sprite animation/species art generated by author with PixelLab workflow; prompts/job IDs not stored in repo
AlgoMon Animation	Convention load: RECURSIX Base battle frame/manifest	AlgoMon/Assets/_AlgoMon/Sprites/RECURSIX/Base/Status/Recursix_Base_Status_03.png	Confirmed: project sprite animation/species art generated by author with PixelLab workflow; prompts/job IDs not stored in repo
AlgoMon Animation	Convention load: RECURSIX Base battle frame/manifest	AlgoMon/Assets/_AlgoMon/Sprites/RECURSIX/Base/Status/Recursix_Base_Status_04.png	Confirmed: project sprite animation/species art generated by author with PixelLab workflow; prompts/job IDs not stored in repo
AlgoMon Animation	Convention load: RECURSIX Base battle frame/manifest	AlgoMon/Assets/_AlgoMon/Sprites/RECURSIX/Base/Status/Recursix_Base_Status_05.png	Confirmed: project sprite animation/species art generated by author with PixelLab workflow; prompts/job IDs not stored in repo
AlgoMon Animation	Convention load: RECURSIX Base battle frame/manifest	AlgoMon/Assets/_AlgoMon/Sprites/RECURSIX/Base/Status/Recursix_Base_Status_06.png	Confirmed: project sprite animation/species art generated by author with PixelLab workflow; prompts/job IDs not stored in repo
AlgoMon Animation	Convention load: RECURSIX Base battle frame/manifest	AlgoMon/Assets/_AlgoMon/Sprites/RECURSIX/Base/Status/Recursix_Base_Status_07.png	Confirmed: project sprite animation/species art generated by author with PixelLab workflow; prompts/job IDs not stored in repo
AlgoMon Animation	Convention load: RECURSIX Base battle frame/manifest	AlgoMon/Assets/_AlgoMon/Sprites/RECURSIX/Base/Status/Recursix_Base_Status_08.png	Confirmed: project sprite animation/species art generated by author with PixelLab workflow; prompts/job IDs not stored in repo
AlgoMon Animation	Convention load: RECURSIX Base battle frame/manifest	AlgoMon/Assets/_AlgoMon/Sprites/RECURSIX/Base/Status/Recursix_Base_Status_09.png	Confirmed: project sprite animation/species art generated by author with PixelLab workflow; prompts/job IDs not stored in repo
AlgoMon Animation	Convention load: RECURSIX Base battle frame/manifest	AlgoMon/Assets/_AlgoMon/Sprites/RECURSIX/Base/Status/Recursix_Base_Status_10.png	Confirmed: project sprite animation/species art generated by author with PixelLab workflow; prompts/job IDs not stored in repo
AlgoMon Animation	Convention load: RECURSIX Base battle frame/manifest	AlgoMon/Assets/_AlgoMon/Sprites/RECURSIX/Base/Status/Recursix_Base_Status_11.png	Confirmed: project sprite animation/species art generated by author with PixelLab workflow; prompts/job IDs not stored in repo
AlgoMon Animation	Convention load: RECURSIX Base battle frame/manifest	AlgoMon/Assets/_AlgoMon/Sprites/RECURSIX/Base/Status/Recursix_Base_Status_12.png	Confirmed: project sprite animation/species art generated by author with PixelLab workflow; prompts/job IDs not stored in repo
AlgoMon Animation	Convention load: RECURSIX Base battle frame/manifest	AlgoMon/Assets/_AlgoMon/Sprites/RECURSIX/Base/Status/Recursix_Base_Status_13.png	Confirmed: project sprite animation/species art generated by author with PixelLab workflow; prompts/job IDs not stored in repo
AlgoMon Animation	Convention load: RECURSIX Evolved battle frame/manifest	AlgoMon/Assets/_AlgoMon/Sprites/RECURSIX/Evolved/Attack/Recursix_Evolved_Attack_01.png	Confirmed: project sprite animation/species art generated by author with PixelLab workflow; prompts/job IDs not stored in repo
AlgoMon Animation	Convention load: RECURSIX Evolved battle frame/manifest	AlgoMon/Assets/_AlgoMon/Sprites/RECURSIX/Evolved/Attack/Recursix_Evolved_Attack_02.png	Confirmed: project sprite animation/species art generated by author with PixelLab workflow; prompts/job IDs not stored in repo
AlgoMon Animation	Convention load: RECURSIX Evolved battle frame/manifest	AlgoMon/Assets/_AlgoMon/Sprites/RECURSIX/Evolved/Attack/Recursix_Evolved_Attack_03.png	Confirmed: project sprite animation/species art generated by author with PixelLab workflow; prompts/job IDs not stored in repo
AlgoMon Animation	Convention load: RECURSIX Evolved battle frame/manifest	AlgoMon/Assets/_AlgoMon/Sprites/RECURSIX/Evolved/Attack/Recursix_Evolved_Attack_04.png	Confirmed: project sprite animation/species art generated by author with PixelLab workflow; prompts/job IDs not stored in repo
AlgoMon Animation	Convention load: RECURSIX Evolved battle frame/manifest	AlgoMon/Assets/_AlgoMon/Sprites/RECURSIX/Evolved/Attack/Recursix_Evolved_Attack_05.png	Confirmed: project sprite animation/species art generated by author with PixelLab workflow; prompts/job IDs not stored in repo
AlgoMon Animation	Convention load: RECURSIX Evolved battle frame/manifest	AlgoMon/Assets/_AlgoMon/Sprites/RECURSIX/Evolved/Attack/Recursix_Evolved_Attack_06.png	Confirmed: project sprite animation/species art generated by author with PixelLab workflow; prompts/job IDs not stored in repo
AlgoMon Animation	Convention load: RECURSIX Evolved battle frame/manifest	AlgoMon/Assets/_AlgoMon/Sprites/RECURSIX/Evolved/Attack/Recursix_Evolved_Attack_07.png	Confirmed: project sprite animation/species art generated by author with PixelLab workflow; prompts/job IDs not stored in repo
AlgoMon Animation	Convention load: RECURSIX Evolved battle frame/manifest	AlgoMon/Assets/_AlgoMon/Sprites/RECURSIX/Evolved/Attack/Recursix_Evolved_Attack_08.png	Confirmed: project sprite animation/species art generated by author with PixelLab workflow; prompts/job IDs not stored in repo
AlgoMon Animation	Convention load: RECURSIX Evolved battle frame/manifest	AlgoMon/Assets/_AlgoMon/Sprites/RECURSIX/Evolved/Attack/Recursix_Evolved_Attack_09.png	Confirmed: project sprite animation/species art generated by author with PixelLab workflow; prompts/job IDs not stored in repo
AlgoMon Animation	Convention load: RECURSIX Evolved battle frame/manifest	AlgoMon/Assets/_AlgoMon/Sprites/RECURSIX/Evolved/Attack/Recursix_Evolved_Attack_10.png	Confirmed: project sprite animation/species art generated by author with PixelLab workflow; prompts/job IDs not stored in repo
AlgoMon Animation	Convention load: RECURSIX Evolved battle frame/manifest	AlgoMon/Assets/_AlgoMon/Sprites/RECURSIX/Evolved/Attack/Recursix_Evolved_Attack_11.png	Confirmed: project sprite animation/species art generated by author with PixelLab workflow; prompts/job IDs not stored in repo
AlgoMon Animation	Convention load: RECURSIX Evolved battle frame/manifest	AlgoMon/Assets/_AlgoMon/Sprites/RECURSIX/Evolved/Attack/Recursix_Evolved_Attack_12.png	Confirmed: project sprite animation/species art generated by author with PixelLab workflow; prompts/job IDs not stored in repo
AlgoMon Animation	Convention load: RECURSIX Evolved battle frame/manifest	AlgoMon/Assets/_AlgoMon/Sprites/RECURSIX/Evolved/Attack/Recursix_Evolved_Attack_13.png	Confirmed: project sprite animation/species art generated by author with PixelLab workflow; prompts/job IDs not stored in repo
AlgoMon Animation	Convention load: RECURSIX Evolved battle frame/manifest	AlgoMon/Assets/_AlgoMon/Sprites/RECURSIX/Evolved/Attack/Recursix_Evolved_Attack_14.png	Confirmed: project sprite animation/species art generated by author with PixelLab workflow; prompts/job IDs not stored in repo
AlgoMon Animation	Convention load: RECURSIX Evolved battle frame/manifest	AlgoMon/Assets/_AlgoMon/Sprites/RECURSIX/Evolved/Attack/Recursix_Evolved_Attack_15.png	Confirmed: project sprite animation/species art generated by author with PixelLab workflow; prompts/job IDs not stored in repo
AlgoMon Animation	Convention load: RECURSIX Evolved battle frame/manifest	AlgoMon/Assets/_AlgoMon/Sprites/RECURSIX/Evolved/Attack/Recursix_Evolved_Attack_16.png	Confirmed: project sprite animation/species art generated by author with PixelLab workflow; prompts/job IDs not stored in repo
AlgoMon Animation	Convention load: RECURSIX Evolved battle frame/manifest	AlgoMon/Assets/_AlgoMon/Sprites/RECURSIX/Evolved/Attack/Recursix_Evolved_Attack_17.png	Confirmed: project sprite animation/species art generated by author with PixelLab workflow; prompts/job IDs not stored in repo
AlgoMon Animation	Convention load: RECURSIX Evolved battle frame/manifest	AlgoMon/Assets/_AlgoMon/Sprites/RECURSIX/Evolved/battle_animation_manifest.json	Confirmed: project sprite animation/species art generated by author with PixelLab workflow; prompts/job IDs not stored in repo
AlgoMon Animation	Convention load: RECURSIX Evolved battle frame/manifest	AlgoMon/Assets/_AlgoMon/Sprites/RECURSIX/Evolved/Defense/Recursix_Evolved_Defense_01.png	Confirmed: project sprite animation/species art generated by author with PixelLab workflow; prompts/job IDs not stored in repo
AlgoMon Animation	Convention load: RECURSIX Evolved battle frame/manifest	AlgoMon/Assets/_AlgoMon/Sprites/RECURSIX/Evolved/Defense/Recursix_Evolved_Defense_02.png	Confirmed: project sprite animation/species art generated by author with PixelLab workflow; prompts/job IDs not stored in repo
AlgoMon Animation	Convention load: RECURSIX Evolved battle frame/manifest	AlgoMon/Assets/_AlgoMon/Sprites/RECURSIX/Evolved/Defense/Recursix_Evolved_Defense_03.png	Confirmed: project sprite animation/species art generated by author with PixelLab workflow; prompts/job IDs not stored in repo
AlgoMon Animation	Convention load: RECURSIX Evolved battle frame/manifest	AlgoMon/Assets/_AlgoMon/Sprites/RECURSIX/Evolved/Defense/Recursix_Evolved_Defense_04.png	Confirmed: project sprite animation/species art generated by author with PixelLab workflow; prompts/job IDs not stored in repo
AlgoMon Animation	Convention load: RECURSIX Evolved battle frame/manifest	AlgoMon/Assets/_AlgoMon/Sprites/RECURSIX/Evolved/Defense/Recursix_Evolved_Defense_05.png	Confirmed: project sprite animation/species art generated by author with PixelLab workflow; prompts/job IDs not stored in repo
AlgoMon Animation	Convention load: RECURSIX Evolved battle frame/manifest	AlgoMon/Assets/_AlgoMon/Sprites/RECURSIX/Evolved/Defense/Recursix_Evolved_Defense_06.png	Confirmed: project sprite animation/species art generated by author with PixelLab workflow; prompts/job IDs not stored in repo
AlgoMon Animation	Convention load: RECURSIX Evolved battle frame/manifest	AlgoMon/Assets/_AlgoMon/Sprites/RECURSIX/Evolved/Defense/Recursix_Evolved_Defense_07.png	Confirmed: project sprite animation/species art generated by author with PixelLab workflow; prompts/job IDs not stored in repo
AlgoMon Animation	Convention load: RECURSIX Evolved battle frame/manifest	AlgoMon/Assets/_AlgoMon/Sprites/RECURSIX/Evolved/Defense/Recursix_Evolved_Defense_08.png	Confirmed: project sprite animation/species art generated by author with PixelLab workflow; prompts/job IDs not stored in repo
AlgoMon Animation	Convention load: RECURSIX Evolved battle frame/manifest	AlgoMon/Assets/_AlgoMon/Sprites/RECURSIX/Evolved/Defense/Recursix_Evolved_Defense_09.png	Confirmed: project sprite animation/species art generated by author with PixelLab workflow; prompts/job IDs not stored in repo
AlgoMon Animation	Convention load: RECURSIX Evolved battle frame/manifest	AlgoMon/Assets/_AlgoMon/Sprites/RECURSIX/Evolved/Defense/Recursix_Evolved_Defense_10.png	Confirmed: project sprite animation/species art generated by author with PixelLab workflow; prompts/job IDs not stored in repo
AlgoMon Animation	Convention load: RECURSIX Evolved battle frame/manifest	AlgoMon/Assets/_AlgoMon/Sprites/RECURSIX/Evolved/Defense/Recursix_Evolved_Defense_11.png	Confirmed: project sprite animation/species art generated by author with PixelLab workflow; prompts/job IDs not stored in repo
AlgoMon Animation	Convention load: RECURSIX Evolved battle frame/manifest	AlgoMon/Assets/_AlgoMon/Sprites/RECURSIX/Evolved/Defense/Recursix_Evolved_Defense_12.png	Confirmed: project sprite animation/species art generated by author with PixelLab workflow; prompts/job IDs not stored in repo
AlgoMon Animation	Convention load: RECURSIX Evolved battle frame/manifest	AlgoMon/Assets/_AlgoMon/Sprites/RECURSIX/Evolved/Defense/Recursix_Evolved_Defense_13.png	Confirmed: project sprite animation/species art generated by author with PixelLab workflow; prompts/job IDs not stored in repo
AlgoMon Animation	Convention load: RECURSIX Evolved battle frame/manifest	AlgoMon/Assets/_AlgoMon/Sprites/RECURSIX/Evolved/Faint/Recursix_Evolved_Faint_01.png	Confirmed: project sprite animation/species art generated by author with PixelLab workflow; prompts/job IDs not stored in repo
AlgoMon Animation	Convention load: RECURSIX Evolved battle frame/manifest	AlgoMon/Assets/_AlgoMon/Sprites/RECURSIX/Evolved/Faint/Recursix_Evolved_Faint_02.png	Confirmed: project sprite animation/species art generated by author with PixelLab workflow; prompts/job IDs not stored in repo
AlgoMon Animation	Convention load: RECURSIX Evolved battle frame/manifest	AlgoMon/Assets/_AlgoMon/Sprites/RECURSIX/Evolved/Faint/Recursix_Evolved_Faint_03.png	Confirmed: project sprite animation/species art generated by author with PixelLab workflow; prompts/job IDs not stored in repo
AlgoMon Animation	Convention load: RECURSIX Evolved battle frame/manifest	AlgoMon/Assets/_AlgoMon/Sprites/RECURSIX/Evolved/Faint/Recursix_Evolved_Faint_04.png	Confirmed: project sprite animation/species art generated by author with PixelLab workflow; prompts/job IDs not stored in repo
AlgoMon Animation	Convention load: RECURSIX Evolved battle frame/manifest	AlgoMon/Assets/_AlgoMon/Sprites/RECURSIX/Evolved/Faint/Recursix_Evolved_Faint_05.png	Confirmed: project sprite animation/species art generated by author with PixelLab workflow; prompts/job IDs not stored in repo
AlgoMon Animation	Convention load: RECURSIX Evolved battle frame/manifest	AlgoMon/Assets/_AlgoMon/Sprites/RECURSIX/Evolved/Faint/Recursix_Evolved_Faint_06.png	Confirmed: project sprite animation/species art generated by author with PixelLab workflow; prompts/job IDs not stored in repo
AlgoMon Animation	Convention load: RECURSIX Evolved battle frame/manifest	AlgoMon/Assets/_AlgoMon/Sprites/RECURSIX/Evolved/Faint/Recursix_Evolved_Faint_07.png	Confirmed: project sprite animation/species art generated by author with PixelLab workflow; prompts/job IDs not stored in repo
AlgoMon Animation	Convention load: RECURSIX Evolved battle frame/manifest	AlgoMon/Assets/_AlgoMon/Sprites/RECURSIX/Evolved/Faint/Recursix_Evolved_Faint_08.png	Confirmed: project sprite animation/species art generated by author with PixelLab workflow; prompts/job IDs not stored in repo
AlgoMon Animation	Convention load: RECURSIX Evolved battle frame/manifest	AlgoMon/Assets/_AlgoMon/Sprites/RECURSIX/Evolved/Faint/Recursix_Evolved_Faint_09.png	Confirmed: project sprite animation/species art generated by author with PixelLab workflow; prompts/job IDs not stored in repo
AlgoMon Animation	Convention load: RECURSIX Evolved battle frame/manifest	AlgoMon/Assets/_AlgoMon/Sprites/RECURSIX/Evolved/Hit/Recursix_Evolved_Hit_01.png	Confirmed: project sprite animation/species art generated by author with PixelLab workflow; prompts/job IDs not stored in repo
AlgoMon Animation	Convention load: RECURSIX Evolved battle frame/manifest	AlgoMon/Assets/_AlgoMon/Sprites/RECURSIX/Evolved/Hit/Recursix_Evolved_Hit_02.png	Confirmed: project sprite animation/species art generated by author with PixelLab workflow; prompts/job IDs not stored in repo
AlgoMon Animation	Convention load: RECURSIX Evolved battle frame/manifest	AlgoMon/Assets/_AlgoMon/Sprites/RECURSIX/Evolved/Hit/Recursix_Evolved_Hit_03.png	Confirmed: project sprite animation/species art generated by author with PixelLab workflow; prompts/job IDs not stored in repo
AlgoMon Animation	Convention load: RECURSIX Evolved battle frame/manifest	AlgoMon/Assets/_AlgoMon/Sprites/RECURSIX/Evolved/Hit/Recursix_Evolved_Hit_04.png	Confirmed: project sprite animation/species art generated by author with PixelLab workflow; prompts/job IDs not stored in repo
AlgoMon Animation	Convention load: RECURSIX Evolved battle frame/manifest	AlgoMon/Assets/_AlgoMon/Sprites/RECURSIX/Evolved/Hit/Recursix_Evolved_Hit_05.png	Confirmed: project sprite animation/species art generated by author with PixelLab workflow; prompts/job IDs not stored in repo
AlgoMon Animation	Convention load: RECURSIX Evolved battle frame/manifest	AlgoMon/Assets/_AlgoMon/Sprites/RECURSIX/Evolved/Hit/Recursix_Evolved_Hit_06.png	Confirmed: project sprite animation/species art generated by author with PixelLab workflow; prompts/job IDs not stored in repo
AlgoMon Animation	Convention load: RECURSIX Evolved battle frame/manifest	AlgoMon/Assets/_AlgoMon/Sprites/RECURSIX/Evolved/Hit/Recursix_Evolved_Hit_07.png	Confirmed: project sprite animation/species art generated by author with PixelLab workflow; prompts/job IDs not stored in repo
AlgoMon Animation	Convention load: RECURSIX Evolved battle frame/manifest	AlgoMon/Assets/_AlgoMon/Sprites/RECURSIX/Evolved/Hit/Recursix_Evolved_Hit_08.png	Confirmed: project sprite animation/species art generated by author with PixelLab workflow; prompts/job IDs not stored in repo
AlgoMon Animation	Convention load: RECURSIX Evolved battle frame/manifest	AlgoMon/Assets/_AlgoMon/Sprites/RECURSIX/Evolved/Hit/Recursix_Evolved_Hit_09.png	Confirmed: project sprite animation/species art generated by author with PixelLab workflow; prompts/job IDs not stored in repo
AlgoMon Animation	Convention load: RECURSIX Evolved battle frame/manifest	AlgoMon/Assets/_AlgoMon/Sprites/RECURSIX/Evolved/Idle/Recursix_Evolved_Idle_01.png	Confirmed: project sprite animation/species art generated by author with PixelLab workflow; prompts/job IDs not stored in repo
AlgoMon Animation	Convention load: RECURSIX Evolved battle frame/manifest	AlgoMon/Assets/_AlgoMon/Sprites/RECURSIX/Evolved/Idle/Recursix_Evolved_Idle_02.png	Confirmed: project sprite animation/species art generated by author with PixelLab workflow; prompts/job IDs not stored in repo
AlgoMon Animation	Convention load: RECURSIX Evolved battle frame/manifest	AlgoMon/Assets/_AlgoMon/Sprites/RECURSIX/Evolved/Idle/Recursix_Evolved_Idle_03.png	Confirmed: project sprite animation/species art generated by author with PixelLab workflow; prompts/job IDs not stored in repo
AlgoMon Animation	Convention load: RECURSIX Evolved battle frame/manifest	AlgoMon/Assets/_AlgoMon/Sprites/RECURSIX/Evolved/Idle/Recursix_Evolved_Idle_04.png	Confirmed: project sprite animation/species art generated by author with PixelLab workflow; prompts/job IDs not stored in repo
AlgoMon Animation	Convention load: RECURSIX Evolved battle frame/manifest	AlgoMon/Assets/_AlgoMon/Sprites/RECURSIX/Evolved/Idle/Recursix_Evolved_Idle_05.png	Confirmed: project sprite animation/species art generated by author with PixelLab workflow; prompts/job IDs not stored in repo
AlgoMon Animation	Convention load: RECURSIX Evolved battle frame/manifest	AlgoMon/Assets/_AlgoMon/Sprites/RECURSIX/Evolved/Idle/Recursix_Evolved_Idle_06.png	Confirmed: project sprite animation/species art generated by author with PixelLab workflow; prompts/job IDs not stored in repo
AlgoMon Animation	Convention load: RECURSIX Evolved battle frame/manifest	AlgoMon/Assets/_AlgoMon/Sprites/RECURSIX/Evolved/Idle/Recursix_Evolved_Idle_07.png	Confirmed: project sprite animation/species art generated by author with PixelLab workflow; prompts/job IDs not stored in repo
AlgoMon Animation	Convention load: RECURSIX Evolved battle frame/manifest	AlgoMon/Assets/_AlgoMon/Sprites/RECURSIX/Evolved/Idle/Recursix_Evolved_Idle_08.png	Confirmed: project sprite animation/species art generated by author with PixelLab workflow; prompts/job IDs not stored in repo
AlgoMon Animation	Convention load: RECURSIX Evolved battle frame/manifest	AlgoMon/Assets/_AlgoMon/Sprites/RECURSIX/Evolved/Idle/Recursix_Evolved_Idle_09.png	Confirmed: project sprite animation/species art generated by author with PixelLab workflow; prompts/job IDs not stored in repo
AlgoMon Animation	Convention load: RECURSIX Evolved battle frame/manifest	AlgoMon/Assets/_AlgoMon/Sprites/RECURSIX/Evolved/Idle/Recursix_Evolved_Idle_10.png	Confirmed: project sprite animation/species art generated by author with PixelLab workflow; prompts/job IDs not stored in repo
AlgoMon Animation	Convention load: RECURSIX Evolved battle frame/manifest	AlgoMon/Assets/_AlgoMon/Sprites/RECURSIX/Evolved/Idle/Recursix_Evolved_Idle_11.png	Confirmed: project sprite animation/species art generated by author with PixelLab workflow; prompts/job IDs not stored in repo
AlgoMon Animation	Convention load: RECURSIX Evolved battle frame/manifest	AlgoMon/Assets/_AlgoMon/Sprites/RECURSIX/Evolved/Idle/Recursix_Evolved_Idle_12.png	Confirmed: project sprite animation/species art generated by author with PixelLab workflow; prompts/job IDs not stored in repo
AlgoMon Animation	Convention load: RECURSIX Evolved battle frame/manifest	AlgoMon/Assets/_AlgoMon/Sprites/RECURSIX/Evolved/Idle/Recursix_Evolved_Idle_13.png	Confirmed: project sprite animation/species art generated by author with PixelLab workflow; prompts/job IDs not stored in repo
AlgoMon Animation	Convention load: RECURSIX Evolved battle frame/manifest	AlgoMon/Assets/_AlgoMon/Sprites/RECURSIX/Evolved/Status/Recursix_Evolved_Status_01.png	Confirmed: project sprite animation/species art generated by author with PixelLab workflow; prompts/job IDs not stored in repo
AlgoMon Animation	Convention load: RECURSIX Evolved battle frame/manifest	AlgoMon/Assets/_AlgoMon/Sprites/RECURSIX/Evolved/Status/Recursix_Evolved_Status_02.png	Confirmed: project sprite animation/species art generated by author with PixelLab workflow; prompts/job IDs not stored in repo
AlgoMon Animation	Convention load: RECURSIX Evolved battle frame/manifest	AlgoMon/Assets/_AlgoMon/Sprites/RECURSIX/Evolved/Status/Recursix_Evolved_Status_03.png	Confirmed: project sprite animation/species art generated by author with PixelLab workflow; prompts/job IDs not stored in repo
AlgoMon Animation	Convention load: RECURSIX Evolved battle frame/manifest	AlgoMon/Assets/_AlgoMon/Sprites/RECURSIX/Evolved/Status/Recursix_Evolved_Status_04.png	Confirmed: project sprite animation/species art generated by author with PixelLab workflow; prompts/job IDs not stored in repo
AlgoMon Animation	Convention load: RECURSIX Evolved battle frame/manifest	AlgoMon/Assets/_AlgoMon/Sprites/RECURSIX/Evolved/Status/Recursix_Evolved_Status_05.png	Confirmed: project sprite animation/species art generated by author with PixelLab workflow; prompts/job IDs not stored in repo
AlgoMon Animation	Convention load: RECURSIX Evolved battle frame/manifest	AlgoMon/Assets/_AlgoMon/Sprites/RECURSIX/Evolved/Status/Recursix_Evolved_Status_06.png	Confirmed: project sprite animation/species art generated by author with PixelLab workflow; prompts/job IDs not stored in repo
AlgoMon Animation	Convention load: RECURSIX Evolved battle frame/manifest	AlgoMon/Assets/_AlgoMon/Sprites/RECURSIX/Evolved/Status/Recursix_Evolved_Status_07.png	Confirmed: project sprite animation/species art generated by author with PixelLab workflow; prompts/job IDs not stored in repo
AlgoMon Animation	Convention load: RECURSIX Evolved battle frame/manifest	AlgoMon/Assets/_AlgoMon/Sprites/RECURSIX/Evolved/Status/Recursix_Evolved_Status_08.png	Confirmed: project sprite animation/species art generated by author with PixelLab workflow; prompts/job IDs not stored in repo
AlgoMon Animation	Convention load: RECURSIX Evolved battle frame/manifest	AlgoMon/Assets/_AlgoMon/Sprites/RECURSIX/Evolved/Status/Recursix_Evolved_Status_09.png	Confirmed: project sprite animation/species art generated by author with PixelLab workflow; prompts/job IDs not stored in repo
AlgoMon Animation	Convention load: RECURSIX Evolved battle frame/manifest	AlgoMon/Assets/_AlgoMon/Sprites/RECURSIX/Evolved/Status/Recursix_Evolved_Status_10.png	Confirmed: project sprite animation/species art generated by author with PixelLab workflow; prompts/job IDs not stored in repo
AlgoMon Animation	Convention load: RECURSIX Evolved battle frame/manifest	AlgoMon/Assets/_AlgoMon/Sprites/RECURSIX/Evolved/Status/Recursix_Evolved_Status_11.png	Confirmed: project sprite animation/species art generated by author with PixelLab workflow; prompts/job IDs not stored in repo
AlgoMon Animation	Convention load: SORTEX Base battle frame/manifest	AlgoMon/Assets/_AlgoMon/Sprites/SORTEX/Base/Attack/Sortex_Base_Attack_01.png	Confirmed: project sprite animation/species art generated by author with PixelLab workflow; prompts/job IDs not stored in repo
AlgoMon Animation	Convention load: SORTEX Base battle frame/manifest	AlgoMon/Assets/_AlgoMon/Sprites/SORTEX/Base/Attack/Sortex_Base_Attack_02.png	Confirmed: project sprite animation/species art generated by author with PixelLab workflow; prompts/job IDs not stored in repo
AlgoMon Animation	Convention load: SORTEX Base battle frame/manifest	AlgoMon/Assets/_AlgoMon/Sprites/SORTEX/Base/Attack/Sortex_Base_Attack_03.png	Confirmed: project sprite animation/species art generated by author with PixelLab workflow; prompts/job IDs not stored in repo
AlgoMon Animation	Convention load: SORTEX Base battle frame/manifest	AlgoMon/Assets/_AlgoMon/Sprites/SORTEX/Base/Attack/Sortex_Base_Attack_04.png	Confirmed: project sprite animation/species art generated by author with PixelLab workflow; prompts/job IDs not stored in repo
AlgoMon Animation	Convention load: SORTEX Base battle frame/manifest	AlgoMon/Assets/_AlgoMon/Sprites/SORTEX/Base/Attack/Sortex_Base_Attack_05.png	Confirmed: project sprite animation/species art generated by author with PixelLab workflow; prompts/job IDs not stored in repo
AlgoMon Animation	Convention load: SORTEX Base battle frame/manifest	AlgoMon/Assets/_AlgoMon/Sprites/SORTEX/Base/Attack/Sortex_Base_Attack_06.png	Confirmed: project sprite animation/species art generated by author with PixelLab workflow; prompts/job IDs not stored in repo
AlgoMon Animation	Convention load: SORTEX Base battle frame/manifest	AlgoMon/Assets/_AlgoMon/Sprites/SORTEX/Base/Attack/Sortex_Base_Attack_07.png	Confirmed: project sprite animation/species art generated by author with PixelLab workflow; prompts/job IDs not stored in repo
AlgoMon Animation	Convention load: SORTEX Base battle frame/manifest	AlgoMon/Assets/_AlgoMon/Sprites/SORTEX/Base/Attack/Sortex_Base_Attack_08.png	Confirmed: project sprite animation/species art generated by author with PixelLab workflow; prompts/job IDs not stored in repo
AlgoMon Animation	Convention load: SORTEX Base battle frame/manifest	AlgoMon/Assets/_AlgoMon/Sprites/SORTEX/Base/Attack/Sortex_Base_Attack_09.png	Confirmed: project sprite animation/species art generated by author with PixelLab workflow; prompts/job IDs not stored in repo
AlgoMon Animation	Convention load: SORTEX Base battle frame/manifest	AlgoMon/Assets/_AlgoMon/Sprites/SORTEX/Base/Attack/Sortex_Base_Attack_10.png	Confirmed: project sprite animation/species art generated by author with PixelLab workflow; prompts/job IDs not stored in repo
AlgoMon Animation	Convention load: SORTEX Base battle frame/manifest	AlgoMon/Assets/_AlgoMon/Sprites/SORTEX/Base/Attack/Sortex_Base_Attack_11.png	Confirmed: project sprite animation/species art generated by author with PixelLab workflow; prompts/job IDs not stored in repo
AlgoMon Animation	Convention load: SORTEX Base battle frame/manifest	AlgoMon/Assets/_AlgoMon/Sprites/SORTEX/Base/Attack/Sortex_Base_Attack_12.png	Confirmed: project sprite animation/species art generated by author with PixelLab workflow; prompts/job IDs not stored in repo
AlgoMon Animation	Convention load: SORTEX Base battle frame/manifest	AlgoMon/Assets/_AlgoMon/Sprites/SORTEX/Base/Attack/Sortex_Base_Attack_13.png	Confirmed: project sprite animation/species art generated by author with PixelLab workflow; prompts/job IDs not stored in repo
AlgoMon Animation	Convention load: SORTEX Base battle frame/manifest	AlgoMon/Assets/_AlgoMon/Sprites/SORTEX/Base/Attack/Sortex_Base_Attack_14.png	Confirmed: project sprite animation/species art generated by author with PixelLab workflow; prompts/job IDs not stored in repo
AlgoMon Animation	Convention load: SORTEX Base battle frame/manifest	AlgoMon/Assets/_AlgoMon/Sprites/SORTEX/Base/Attack/Sortex_Base_Attack_15.png	Confirmed: project sprite animation/species art generated by author with PixelLab workflow; prompts/job IDs not stored in repo
AlgoMon Animation	Convention load: SORTEX Base battle frame/manifest	AlgoMon/Assets/_AlgoMon/Sprites/SORTEX/Base/Attack/Sortex_Base_Attack_16.png	Confirmed: project sprite animation/species art generated by author with PixelLab workflow; prompts/job IDs not stored in repo
AlgoMon Animation	Convention load: SORTEX Base battle frame/manifest	AlgoMon/Assets/_AlgoMon/Sprites/SORTEX/Base/battle_animation_manifest.json	Confirmed: project sprite animation/species art generated by author with PixelLab workflow; prompts/job IDs not stored in repo
AlgoMon Animation	Convention load: SORTEX Base battle frame/manifest	AlgoMon/Assets/_AlgoMon/Sprites/SORTEX/Base/Defense/Sortex_Base_Defense_01.png	Confirmed: project sprite animation/species art generated by author with PixelLab workflow; prompts/job IDs not stored in repo
AlgoMon Animation	Convention load: SORTEX Base battle frame/manifest	AlgoMon/Assets/_AlgoMon/Sprites/SORTEX/Base/Defense/Sortex_Base_Defense_02.png	Confirmed: project sprite animation/species art generated by author with PixelLab workflow; prompts/job IDs not stored in repo
AlgoMon Animation	Convention load: SORTEX Base battle frame/manifest	AlgoMon/Assets/_AlgoMon/Sprites/SORTEX/Base/Defense/Sortex_Base_Defense_03.png	Confirmed: project sprite animation/species art generated by author with PixelLab workflow; prompts/job IDs not stored in repo
AlgoMon Animation	Convention load: SORTEX Base battle frame/manifest	AlgoMon/Assets/_AlgoMon/Sprites/SORTEX/Base/Defense/Sortex_Base_Defense_04.png	Confirmed: project sprite animation/species art generated by author with PixelLab workflow; prompts/job IDs not stored in repo
AlgoMon Animation	Convention load: SORTEX Base battle frame/manifest	AlgoMon/Assets/_AlgoMon/Sprites/SORTEX/Base/Defense/Sortex_Base_Defense_05.png	Confirmed: project sprite animation/species art generated by author with PixelLab workflow; prompts/job IDs not stored in repo
AlgoMon Animation	Convention load: SORTEX Base battle frame/manifest	AlgoMon/Assets/_AlgoMon/Sprites/SORTEX/Base/Defense/Sortex_Base_Defense_06.png	Confirmed: project sprite animation/species art generated by author with PixelLab workflow; prompts/job IDs not stored in repo
AlgoMon Animation	Convention load: SORTEX Base battle frame/manifest	AlgoMon/Assets/_AlgoMon/Sprites/SORTEX/Base/Defense/Sortex_Base_Defense_07.png	Confirmed: project sprite animation/species art generated by author with PixelLab workflow; prompts/job IDs not stored in repo
AlgoMon Animation	Convention load: SORTEX Base battle frame/manifest	AlgoMon/Assets/_AlgoMon/Sprites/SORTEX/Base/Defense/Sortex_Base_Defense_08.png	Confirmed: project sprite animation/species art generated by author with PixelLab workflow; prompts/job IDs not stored in repo
AlgoMon Animation	Convention load: SORTEX Base battle frame/manifest	AlgoMon/Assets/_AlgoMon/Sprites/SORTEX/Base/Defense/Sortex_Base_Defense_09.png	Confirmed: project sprite animation/species art generated by author with PixelLab workflow; prompts/job IDs not stored in repo
AlgoMon Animation	Convention load: SORTEX Base battle frame/manifest	AlgoMon/Assets/_AlgoMon/Sprites/SORTEX/Base/Defense/Sortex_Base_Defense_10.png	Confirmed: project sprite animation/species art generated by author with PixelLab workflow; prompts/job IDs not stored in repo
AlgoMon Animation	Convention load: SORTEX Base battle frame/manifest	AlgoMon/Assets/_AlgoMon/Sprites/SORTEX/Base/Defense/Sortex_Base_Defense_11.png	Confirmed: project sprite animation/species art generated by author with PixelLab workflow; prompts/job IDs not stored in repo
AlgoMon Animation	Convention load: SORTEX Base battle frame/manifest	AlgoMon/Assets/_AlgoMon/Sprites/SORTEX/Base/Defense/Sortex_Base_Defense_12.png	Confirmed: project sprite animation/species art generated by author with PixelLab workflow; prompts/job IDs not stored in repo
AlgoMon Animation	Convention load: SORTEX Base battle frame/manifest	AlgoMon/Assets/_AlgoMon/Sprites/SORTEX/Base/Faint/Sortex_Base_Faint_01.png	Confirmed: project sprite animation/species art generated by author with PixelLab workflow; prompts/job IDs not stored in repo
AlgoMon Animation	Convention load: SORTEX Base battle frame/manifest	AlgoMon/Assets/_AlgoMon/Sprites/SORTEX/Base/Faint/Sortex_Base_Faint_02.png	Confirmed: project sprite animation/species art generated by author with PixelLab workflow; prompts/job IDs not stored in repo
AlgoMon Animation	Convention load: SORTEX Base battle frame/manifest	AlgoMon/Assets/_AlgoMon/Sprites/SORTEX/Base/Faint/Sortex_Base_Faint_03.png	Confirmed: project sprite animation/species art generated by author with PixelLab workflow; prompts/job IDs not stored in repo
AlgoMon Animation	Convention load: SORTEX Base battle frame/manifest	AlgoMon/Assets/_AlgoMon/Sprites/SORTEX/Base/Faint/Sortex_Base_Faint_04.png	Confirmed: project sprite animation/species art generated by author with PixelLab workflow; prompts/job IDs not stored in repo
AlgoMon Animation	Convention load: SORTEX Base battle frame/manifest	AlgoMon/Assets/_AlgoMon/Sprites/SORTEX/Base/Faint/Sortex_Base_Faint_05.png	Confirmed: project sprite animation/species art generated by author with PixelLab workflow; prompts/job IDs not stored in repo
AlgoMon Animation	Convention load: SORTEX Base battle frame/manifest	AlgoMon/Assets/_AlgoMon/Sprites/SORTEX/Base/Faint/Sortex_Base_Faint_06.png	Confirmed: project sprite animation/species art generated by author with PixelLab workflow; prompts/job IDs not stored in repo
AlgoMon Animation	Convention load: SORTEX Base battle frame/manifest	AlgoMon/Assets/_AlgoMon/Sprites/SORTEX/Base/Faint/Sortex_Base_Faint_07.png	Confirmed: project sprite animation/species art generated by author with PixelLab workflow; prompts/job IDs not stored in repo
AlgoMon Animation	Convention load: SORTEX Base battle frame/manifest	AlgoMon/Assets/_AlgoMon/Sprites/SORTEX/Base/Faint/Sortex_Base_Faint_08.png	Confirmed: project sprite animation/species art generated by author with PixelLab workflow; prompts/job IDs not stored in repo
AlgoMon Animation	Convention load: SORTEX Base battle frame/manifest	AlgoMon/Assets/_AlgoMon/Sprites/SORTEX/Base/Faint/Sortex_Base_Faint_09.png	Confirmed: project sprite animation/species art generated by author with PixelLab workflow; prompts/job IDs not stored in repo
AlgoMon Animation	Convention load: SORTEX Base battle frame/manifest	AlgoMon/Assets/_AlgoMon/Sprites/SORTEX/Base/Hit/Sortex_Base_Hit_01.png	Confirmed: project sprite animation/species art generated by author with PixelLab workflow; prompts/job IDs not stored in repo
AlgoMon Animation	Convention load: SORTEX Base battle frame/manifest	AlgoMon/Assets/_AlgoMon/Sprites/SORTEX/Base/Hit/Sortex_Base_Hit_02.png	Confirmed: project sprite animation/species art generated by author with PixelLab workflow; prompts/job IDs not stored in repo
AlgoMon Animation	Convention load: SORTEX Base battle frame/manifest	AlgoMon/Assets/_AlgoMon/Sprites/SORTEX/Base/Hit/Sortex_Base_Hit_03.png	Confirmed: project sprite animation/species art generated by author with PixelLab workflow; prompts/job IDs not stored in repo
AlgoMon Animation	Convention load: SORTEX Base battle frame/manifest	AlgoMon/Assets/_AlgoMon/Sprites/SORTEX/Base/Hit/Sortex_Base_Hit_04.png	Confirmed: project sprite animation/species art generated by author with PixelLab workflow; prompts/job IDs not stored in repo
AlgoMon Animation	Convention load: SORTEX Base battle frame/manifest	AlgoMon/Assets/_AlgoMon/Sprites/SORTEX/Base/Hit/Sortex_Base_Hit_05.png	Confirmed: project sprite animation/species art generated by author with PixelLab workflow; prompts/job IDs not stored in repo
AlgoMon Animation	Convention load: SORTEX Base battle frame/manifest	AlgoMon/Assets/_AlgoMon/Sprites/SORTEX/Base/Hit/Sortex_Base_Hit_06.png	Confirmed: project sprite animation/species art generated by author with PixelLab workflow; prompts/job IDs not stored in repo
AlgoMon Animation	Convention load: SORTEX Base battle frame/manifest	AlgoMon/Assets/_AlgoMon/Sprites/SORTEX/Base/Hit/Sortex_Base_Hit_07.png	Confirmed: project sprite animation/species art generated by author with PixelLab workflow; prompts/job IDs not stored in repo
AlgoMon Animation	Convention load: SORTEX Base battle frame/manifest	AlgoMon/Assets/_AlgoMon/Sprites/SORTEX/Base/Idle/Sortex_Base_Idle_01.png	Confirmed: project sprite animation/species art generated by author with PixelLab workflow; prompts/job IDs not stored in repo
AlgoMon Animation	Convention load: SORTEX Base battle frame/manifest	AlgoMon/Assets/_AlgoMon/Sprites/SORTEX/Base/Idle/Sortex_Base_Idle_02.png	Confirmed: project sprite animation/species art generated by author with PixelLab workflow; prompts/job IDs not stored in repo
AlgoMon Animation	Convention load: SORTEX Base battle frame/manifest	AlgoMon/Assets/_AlgoMon/Sprites/SORTEX/Base/Idle/Sortex_Base_Idle_03.png	Confirmed: project sprite animation/species art generated by author with PixelLab workflow; prompts/job IDs not stored in repo
AlgoMon Animation	Convention load: SORTEX Base battle frame/manifest	AlgoMon/Assets/_AlgoMon/Sprites/SORTEX/Base/Idle/Sortex_Base_Idle_04.png	Confirmed: project sprite animation/species art generated by author with PixelLab workflow; prompts/job IDs not stored in repo
AlgoMon Animation	Convention load: SORTEX Base battle frame/manifest	AlgoMon/Assets/_AlgoMon/Sprites/SORTEX/Base/Idle/Sortex_Base_Idle_05.png	Confirmed: project sprite animation/species art generated by author with PixelLab workflow; prompts/job IDs not stored in repo
AlgoMon Animation	Convention load: SORTEX Base battle frame/manifest	AlgoMon/Assets/_AlgoMon/Sprites/SORTEX/Base/Idle/Sortex_Base_Idle_06.png	Confirmed: project sprite animation/species art generated by author with PixelLab workflow; prompts/job IDs not stored in repo
AlgoMon Animation	Convention load: SORTEX Base battle frame/manifest	AlgoMon/Assets/_AlgoMon/Sprites/SORTEX/Base/Idle/Sortex_Base_Idle_07.png	Confirmed: project sprite animation/species art generated by author with PixelLab workflow; prompts/job IDs not stored in repo
AlgoMon Animation	Convention load: SORTEX Base battle frame/manifest	AlgoMon/Assets/_AlgoMon/Sprites/SORTEX/Base/Idle/Sortex_Base_Idle_08.png	Confirmed: project sprite animation/species art generated by author with PixelLab workflow; prompts/job IDs not stored in repo
AlgoMon Animation	Convention load: SORTEX Base battle frame/manifest	AlgoMon/Assets/_AlgoMon/Sprites/SORTEX/Base/Idle/Sortex_Base_Idle_09.png	Confirmed: project sprite animation/species art generated by author with PixelLab workflow; prompts/job IDs not stored in repo
AlgoMon Animation	Convention load: SORTEX Base battle frame/manifest	AlgoMon/Assets/_AlgoMon/Sprites/SORTEX/Base/Idle/Sortex_Base_Idle_10.png	Confirmed: project sprite animation/species art generated by author with PixelLab workflow; prompts/job IDs not stored in repo
AlgoMon Animation	Convention load: SORTEX Base battle frame/manifest	AlgoMon/Assets/_AlgoMon/Sprites/SORTEX/Base/Idle/Sortex_Base_Idle_11.png	Confirmed: project sprite animation/species art generated by author with PixelLab workflow; prompts/job IDs not stored in repo
AlgoMon Animation	Convention load: SORTEX Base battle frame/manifest	AlgoMon/Assets/_AlgoMon/Sprites/SORTEX/Base/Idle/Sortex_Base_Idle_12.png	Confirmed: project sprite animation/species art generated by author with PixelLab workflow; prompts/job IDs not stored in repo
AlgoMon Animation	Convention load: SORTEX Base battle frame/manifest	AlgoMon/Assets/_AlgoMon/Sprites/SORTEX/Base/Idle/Sortex_Base_Idle_13.png	Confirmed: project sprite animation/species art generated by author with PixelLab workflow; prompts/job IDs not stored in repo
AlgoMon Animation	Convention load: SORTEX Base battle frame/manifest	AlgoMon/Assets/_AlgoMon/Sprites/SORTEX/Base/Idle/Sortex_Base_Idle_14.png	Confirmed: project sprite animation/species art generated by author with PixelLab workflow; prompts/job IDs not stored in repo
AlgoMon Animation	Convention load: SORTEX Base battle frame/manifest	AlgoMon/Assets/_AlgoMon/Sprites/SORTEX/Base/Idle/Sortex_Base_Idle_15.png	Confirmed: project sprite animation/species art generated by author with PixelLab workflow; prompts/job IDs not stored in repo
AlgoMon Animation	Convention load: SORTEX Base battle frame/manifest	AlgoMon/Assets/_AlgoMon/Sprites/SORTEX/Base/Idle/Sortex_Base_Idle_16.png	Confirmed: project sprite animation/species art generated by author with PixelLab workflow; prompts/job IDs not stored in repo
AlgoMon Animation	Convention load: SORTEX Base battle frame/manifest	AlgoMon/Assets/_AlgoMon/Sprites/SORTEX/Base/Idle/Sortex_Base_Idle_17.png	Confirmed: project sprite animation/species art generated by author with PixelLab workflow; prompts/job IDs not stored in repo
AlgoMon Animation	Convention load: SORTEX Base battle frame/manifest	AlgoMon/Assets/_AlgoMon/Sprites/SORTEX/Base/Idle/Sortex_Base_Idle_18.png	Confirmed: project sprite animation/species art generated by author with PixelLab workflow; prompts/job IDs not stored in repo
AlgoMon Animation	Convention load: SORTEX Base battle frame/manifest	AlgoMon/Assets/_AlgoMon/Sprites/SORTEX/Base/Idle/Sortex_Base_Idle_19.png	Confirmed: project sprite animation/species art generated by author with PixelLab workflow; prompts/job IDs not stored in repo
AlgoMon Animation	Convention load: SORTEX Base battle frame/manifest	AlgoMon/Assets/_AlgoMon/Sprites/SORTEX/Base/Idle/Sortex_Base_Idle_20.png	Confirmed: project sprite animation/species art generated by author with PixelLab workflow; prompts/job IDs not stored in repo
AlgoMon Animation	Convention load: SORTEX Base battle frame/manifest	AlgoMon/Assets/_AlgoMon/Sprites/SORTEX/Base/Idle/Sortex_Base_Idle_21.png	Confirmed: project sprite animation/species art generated by author with PixelLab workflow; prompts/job IDs not stored in repo
AlgoMon Animation	Convention load: SORTEX Base battle frame/manifest	AlgoMon/Assets/_AlgoMon/Sprites/SORTEX/Base/Idle/Sortex_Base_Idle_22.png	Confirmed: project sprite animation/species art generated by author with PixelLab workflow; prompts/job IDs not stored in repo
AlgoMon Animation	Convention load: SORTEX Base battle frame/manifest	AlgoMon/Assets/_AlgoMon/Sprites/SORTEX/Base/Idle/Sortex_Base_Idle_23.png	Confirmed: project sprite animation/species art generated by author with PixelLab workflow; prompts/job IDs not stored in repo
AlgoMon Animation	Convention load: SORTEX Base battle frame/manifest	AlgoMon/Assets/_AlgoMon/Sprites/SORTEX/Base/Idle/Sortex_Base_Idle_24.png	Confirmed: project sprite animation/species art generated by author with PixelLab workflow; prompts/job IDs not stored in repo
AlgoMon Animation	Convention load: SORTEX Base battle frame/manifest	AlgoMon/Assets/_AlgoMon/Sprites/SORTEX/Base/Idle/Sortex_Base_Idle_25.png	Confirmed: project sprite animation/species art generated by author with PixelLab workflow; prompts/job IDs not stored in repo
AlgoMon Animation	Convention load: SORTEX Base battle frame/manifest	AlgoMon/Assets/_AlgoMon/Sprites/SORTEX/Base/Status/Sortex_Base_Status_01.png	Confirmed: project sprite animation/species art generated by author with PixelLab workflow; prompts/job IDs not stored in repo
AlgoMon Animation	Convention load: SORTEX Base battle frame/manifest	AlgoMon/Assets/_AlgoMon/Sprites/SORTEX/Base/Status/Sortex_Base_Status_02.png	Confirmed: project sprite animation/species art generated by author with PixelLab workflow; prompts/job IDs not stored in repo
AlgoMon Animation	Convention load: SORTEX Base battle frame/manifest	AlgoMon/Assets/_AlgoMon/Sprites/SORTEX/Base/Status/Sortex_Base_Status_03.png	Confirmed: project sprite animation/species art generated by author with PixelLab workflow; prompts/job IDs not stored in repo
AlgoMon Animation	Convention load: SORTEX Base battle frame/manifest	AlgoMon/Assets/_AlgoMon/Sprites/SORTEX/Base/Status/Sortex_Base_Status_04.png	Confirmed: project sprite animation/species art generated by author with PixelLab workflow; prompts/job IDs not stored in repo
AlgoMon Animation	Convention load: SORTEX Base battle frame/manifest	AlgoMon/Assets/_AlgoMon/Sprites/SORTEX/Base/Status/Sortex_Base_Status_05.png	Confirmed: project sprite animation/species art generated by author with PixelLab workflow; prompts/job IDs not stored in repo
AlgoMon Animation	Convention load: SORTEX Base battle frame/manifest	AlgoMon/Assets/_AlgoMon/Sprites/SORTEX/Base/Status/Sortex_Base_Status_06.png	Confirmed: project sprite animation/species art generated by author with PixelLab workflow; prompts/job IDs not stored in repo
AlgoMon Animation	Convention load: SORTEX Base battle frame/manifest	AlgoMon/Assets/_AlgoMon/Sprites/SORTEX/Base/Status/Sortex_Base_Status_07.png	Confirmed: project sprite animation/species art generated by author with PixelLab workflow; prompts/job IDs not stored in repo
AlgoMon Animation	Convention load: SORTEX Base battle frame/manifest	AlgoMon/Assets/_AlgoMon/Sprites/SORTEX/Base/Status/Sortex_Base_Status_08.png	Confirmed: project sprite animation/species art generated by author with PixelLab workflow; prompts/job IDs not stored in repo
AlgoMon Animation	Convention load: SORTEX Base battle frame/manifest	AlgoMon/Assets/_AlgoMon/Sprites/SORTEX/Base/Status/Sortex_Base_Status_09.png	Confirmed: project sprite animation/species art generated by author with PixelLab workflow; prompts/job IDs not stored in repo
AlgoMon Animation	Convention load: SORTEX Base battle frame/manifest	AlgoMon/Assets/_AlgoMon/Sprites/SORTEX/Base/Status/Sortex_Base_Status_10.png	Confirmed: project sprite animation/species art generated by author with PixelLab workflow; prompts/job IDs not stored in repo
AlgoMon Animation	Convention load: SORTEX Base battle frame/manifest	AlgoMon/Assets/_AlgoMon/Sprites/SORTEX/Base/Status/Sortex_Base_Status_11.png	Confirmed: project sprite animation/species art generated by author with PixelLab workflow; prompts/job IDs not stored in repo
AlgoMon Animation	Convention load: SORTEX Evolved battle frame/manifest	AlgoMon/Assets/_AlgoMon/Sprites/SORTEX/Evolved/Attack/Sortex_Evolved_Attack_01.png	Confirmed: project sprite animation/species art generated by author with PixelLab workflow; prompts/job IDs not stored in repo
AlgoMon Animation	Convention load: SORTEX Evolved battle frame/manifest	AlgoMon/Assets/_AlgoMon/Sprites/SORTEX/Evolved/Attack/Sortex_Evolved_Attack_02.png	Confirmed: project sprite animation/species art generated by author with PixelLab workflow; prompts/job IDs not stored in repo
AlgoMon Animation	Convention load: SORTEX Evolved battle frame/manifest	AlgoMon/Assets/_AlgoMon/Sprites/SORTEX/Evolved/Attack/Sortex_Evolved_Attack_03.png	Confirmed: project sprite animation/species art generated by author with PixelLab workflow; prompts/job IDs not stored in repo
AlgoMon Animation	Convention load: SORTEX Evolved battle frame/manifest	AlgoMon/Assets/_AlgoMon/Sprites/SORTEX/Evolved/Attack/Sortex_Evolved_Attack_04.png	Confirmed: project sprite animation/species art generated by author with PixelLab workflow; prompts/job IDs not stored in repo
AlgoMon Animation	Convention load: SORTEX Evolved battle frame/manifest	AlgoMon/Assets/_AlgoMon/Sprites/SORTEX/Evolved/Attack/Sortex_Evolved_Attack_05.png	Confirmed: project sprite animation/species art generated by author with PixelLab workflow; prompts/job IDs not stored in repo
AlgoMon Animation	Convention load: SORTEX Evolved battle frame/manifest	AlgoMon/Assets/_AlgoMon/Sprites/SORTEX/Evolved/Attack/Sortex_Evolved_Attack_06.png	Confirmed: project sprite animation/species art generated by author with PixelLab workflow; prompts/job IDs not stored in repo
AlgoMon Animation	Convention load: SORTEX Evolved battle frame/manifest	AlgoMon/Assets/_AlgoMon/Sprites/SORTEX/Evolved/Attack/Sortex_Evolved_Attack_07.png	Confirmed: project sprite animation/species art generated by author with PixelLab workflow; prompts/job IDs not stored in repo
AlgoMon Animation	Convention load: SORTEX Evolved battle frame/manifest	AlgoMon/Assets/_AlgoMon/Sprites/SORTEX/Evolved/Attack/Sortex_Evolved_Attack_08.png	Confirmed: project sprite animation/species art generated by author with PixelLab workflow; prompts/job IDs not stored in repo
AlgoMon Animation	Convention load: SORTEX Evolved battle frame/manifest	AlgoMon/Assets/_AlgoMon/Sprites/SORTEX/Evolved/Attack/Sortex_Evolved_Attack_09.png	Confirmed: project sprite animation/species art generated by author with PixelLab workflow; prompts/job IDs not stored in repo
AlgoMon Animation	Convention load: SORTEX Evolved battle frame/manifest	AlgoMon/Assets/_AlgoMon/Sprites/SORTEX/Evolved/battle_animation_manifest.json	Confirmed: project sprite animation/species art generated by author with PixelLab workflow; prompts/job IDs not stored in repo
AlgoMon Animation	Convention load: SORTEX Evolved battle frame/manifest	AlgoMon/Assets/_AlgoMon/Sprites/SORTEX/Evolved/Defense/Sortex_Evolved_Defense_01.png	Confirmed: project sprite animation/species art generated by author with PixelLab workflow; prompts/job IDs not stored in repo
AlgoMon Animation	Convention load: SORTEX Evolved battle frame/manifest	AlgoMon/Assets/_AlgoMon/Sprites/SORTEX/Evolved/Defense/Sortex_Evolved_Defense_02.png	Confirmed: project sprite animation/species art generated by author with PixelLab workflow; prompts/job IDs not stored in repo
AlgoMon Animation	Convention load: SORTEX Evolved battle frame/manifest	AlgoMon/Assets/_AlgoMon/Sprites/SORTEX/Evolved/Defense/Sortex_Evolved_Defense_03.png	Confirmed: project sprite animation/species art generated by author with PixelLab workflow; prompts/job IDs not stored in repo
AlgoMon Animation	Convention load: SORTEX Evolved battle frame/manifest	AlgoMon/Assets/_AlgoMon/Sprites/SORTEX/Evolved/Defense/Sortex_Evolved_Defense_04.png	Confirmed: project sprite animation/species art generated by author with PixelLab workflow; prompts/job IDs not stored in repo
AlgoMon Animation	Convention load: SORTEX Evolved battle frame/manifest	AlgoMon/Assets/_AlgoMon/Sprites/SORTEX/Evolved/Defense/Sortex_Evolved_Defense_05.png	Confirmed: project sprite animation/species art generated by author with PixelLab workflow; prompts/job IDs not stored in repo
AlgoMon Animation	Convention load: SORTEX Evolved battle frame/manifest	AlgoMon/Assets/_AlgoMon/Sprites/SORTEX/Evolved/Defense/Sortex_Evolved_Defense_06.png	Confirmed: project sprite animation/species art generated by author with PixelLab workflow; prompts/job IDs not stored in repo
AlgoMon Animation	Convention load: SORTEX Evolved battle frame/manifest	AlgoMon/Assets/_AlgoMon/Sprites/SORTEX/Evolved/Defense/Sortex_Evolved_Defense_07.png	Confirmed: project sprite animation/species art generated by author with PixelLab workflow; prompts/job IDs not stored in repo
AlgoMon Animation	Convention load: SORTEX Evolved battle frame/manifest	AlgoMon/Assets/_AlgoMon/Sprites/SORTEX/Evolved/Defense/Sortex_Evolved_Defense_08.png	Confirmed: project sprite animation/species art generated by author with PixelLab workflow; prompts/job IDs not stored in repo
AlgoMon Animation	Convention load: SORTEX Evolved battle frame/manifest	AlgoMon/Assets/_AlgoMon/Sprites/SORTEX/Evolved/Defense/Sortex_Evolved_Defense_09.png	Confirmed: project sprite animation/species art generated by author with PixelLab workflow; prompts/job IDs not stored in repo
AlgoMon Animation	Convention load: SORTEX Evolved battle frame/manifest	AlgoMon/Assets/_AlgoMon/Sprites/SORTEX/Evolved/Defense/Sortex_Evolved_Defense_10.png	Confirmed: project sprite animation/species art generated by author with PixelLab workflow; prompts/job IDs not stored in repo
AlgoMon Animation	Convention load: SORTEX Evolved battle frame/manifest	AlgoMon/Assets/_AlgoMon/Sprites/SORTEX/Evolved/Defense/Sortex_Evolved_Defense_11.png	Confirmed: project sprite animation/species art generated by author with PixelLab workflow; prompts/job IDs not stored in repo
AlgoMon Animation	Convention load: SORTEX Evolved battle frame/manifest	AlgoMon/Assets/_AlgoMon/Sprites/SORTEX/Evolved/Defense/Sortex_Evolved_Defense_12.png	Confirmed: project sprite animation/species art generated by author with PixelLab workflow; prompts/job IDs not stored in repo
AlgoMon Animation	Convention load: SORTEX Evolved battle frame/manifest	AlgoMon/Assets/_AlgoMon/Sprites/SORTEX/Evolved/Defense/Sortex_Evolved_Defense_13.png	Confirmed: project sprite animation/species art generated by author with PixelLab workflow; prompts/job IDs not stored in repo
AlgoMon Animation	Convention load: SORTEX Evolved battle frame/manifest	AlgoMon/Assets/_AlgoMon/Sprites/SORTEX/Evolved/Faint/Sortex_Evolved_Faint_01.png	Confirmed: project sprite animation/species art generated by author with PixelLab workflow; prompts/job IDs not stored in repo
AlgoMon Animation	Convention load: SORTEX Evolved battle frame/manifest	AlgoMon/Assets/_AlgoMon/Sprites/SORTEX/Evolved/Faint/Sortex_Evolved_Faint_02.png	Confirmed: project sprite animation/species art generated by author with PixelLab workflow; prompts/job IDs not stored in repo
AlgoMon Animation	Convention load: SORTEX Evolved battle frame/manifest	AlgoMon/Assets/_AlgoMon/Sprites/SORTEX/Evolved/Faint/Sortex_Evolved_Faint_03.png	Confirmed: project sprite animation/species art generated by author with PixelLab workflow; prompts/job IDs not stored in repo
AlgoMon Animation	Convention load: SORTEX Evolved battle frame/manifest	AlgoMon/Assets/_AlgoMon/Sprites/SORTEX/Evolved/Faint/Sortex_Evolved_Faint_04.png	Confirmed: project sprite animation/species art generated by author with PixelLab workflow; prompts/job IDs not stored in repo
AlgoMon Animation	Convention load: SORTEX Evolved battle frame/manifest	AlgoMon/Assets/_AlgoMon/Sprites/SORTEX/Evolved/Faint/Sortex_Evolved_Faint_05.png	Confirmed: project sprite animation/species art generated by author with PixelLab workflow; prompts/job IDs not stored in repo
AlgoMon Animation	Convention load: SORTEX Evolved battle frame/manifest	AlgoMon/Assets/_AlgoMon/Sprites/SORTEX/Evolved/Faint/Sortex_Evolved_Faint_06.png	Confirmed: project sprite animation/species art generated by author with PixelLab workflow; prompts/job IDs not stored in repo
AlgoMon Animation	Convention load: SORTEX Evolved battle frame/manifest	AlgoMon/Assets/_AlgoMon/Sprites/SORTEX/Evolved/Faint/Sortex_Evolved_Faint_07.png	Confirmed: project sprite animation/species art generated by author with PixelLab workflow; prompts/job IDs not stored in repo
AlgoMon Animation	Convention load: SORTEX Evolved battle frame/manifest	AlgoMon/Assets/_AlgoMon/Sprites/SORTEX/Evolved/Faint/Sortex_Evolved_Faint_08.png	Confirmed: project sprite animation/species art generated by author with PixelLab workflow; prompts/job IDs not stored in repo
AlgoMon Animation	Convention load: SORTEX Evolved battle frame/manifest	AlgoMon/Assets/_AlgoMon/Sprites/SORTEX/Evolved/Faint/Sortex_Evolved_Faint_09.png	Confirmed: project sprite animation/species art generated by author with PixelLab workflow; prompts/job IDs not stored in repo
AlgoMon Animation	Convention load: SORTEX Evolved battle frame/manifest	AlgoMon/Assets/_AlgoMon/Sprites/SORTEX/Evolved/Hit/Sortex_Evolved_Hit_01.png	Confirmed: project sprite animation/species art generated by author with PixelLab workflow; prompts/job IDs not stored in repo
AlgoMon Animation	Convention load: SORTEX Evolved battle frame/manifest	AlgoMon/Assets/_AlgoMon/Sprites/SORTEX/Evolved/Hit/Sortex_Evolved_Hit_02.png	Confirmed: project sprite animation/species art generated by author with PixelLab workflow; prompts/job IDs not stored in repo
AlgoMon Animation	Convention load: SORTEX Evolved battle frame/manifest	AlgoMon/Assets/_AlgoMon/Sprites/SORTEX/Evolved/Hit/Sortex_Evolved_Hit_03.png	Confirmed: project sprite animation/species art generated by author with PixelLab workflow; prompts/job IDs not stored in repo
AlgoMon Animation	Convention load: SORTEX Evolved battle frame/manifest	AlgoMon/Assets/_AlgoMon/Sprites/SORTEX/Evolved/Hit/Sortex_Evolved_Hit_04.png	Confirmed: project sprite animation/species art generated by author with PixelLab workflow; prompts/job IDs not stored in repo
AlgoMon Animation	Convention load: SORTEX Evolved battle frame/manifest	AlgoMon/Assets/_AlgoMon/Sprites/SORTEX/Evolved/Hit/Sortex_Evolved_Hit_05.png	Confirmed: project sprite animation/species art generated by author with PixelLab workflow; prompts/job IDs not stored in repo
AlgoMon Animation	Convention load: SORTEX Evolved battle frame/manifest	AlgoMon/Assets/_AlgoMon/Sprites/SORTEX/Evolved/Hit/Sortex_Evolved_Hit_06.png	Confirmed: project sprite animation/species art generated by author with PixelLab workflow; prompts/job IDs not stored in repo
AlgoMon Animation	Convention load: SORTEX Evolved battle frame/manifest	AlgoMon/Assets/_AlgoMon/Sprites/SORTEX/Evolved/Hit/Sortex_Evolved_Hit_07.png	Confirmed: project sprite animation/species art generated by author with PixelLab workflow; prompts/job IDs not stored in repo
AlgoMon Animation	Convention load: SORTEX Evolved battle frame/manifest	AlgoMon/Assets/_AlgoMon/Sprites/SORTEX/Evolved/Hit/Sortex_Evolved_Hit_08.png	Confirmed: project sprite animation/species art generated by author with PixelLab workflow; prompts/job IDs not stored in repo
AlgoMon Animation	Convention load: SORTEX Evolved battle frame/manifest	AlgoMon/Assets/_AlgoMon/Sprites/SORTEX/Evolved/Hit/Sortex_Evolved_Hit_09.png	Confirmed: project sprite animation/species art generated by author with PixelLab workflow; prompts/job IDs not stored in repo
AlgoMon Animation	Convention load: SORTEX Evolved battle frame/manifest	AlgoMon/Assets/_AlgoMon/Sprites/SORTEX/Evolved/Idle/Sortex_Evolved_Idle_01.png	Confirmed: project sprite animation/species art generated by author with PixelLab workflow; prompts/job IDs not stored in repo
AlgoMon Animation	Convention load: SORTEX Evolved battle frame/manifest	AlgoMon/Assets/_AlgoMon/Sprites/SORTEX/Evolved/Idle/Sortex_Evolved_Idle_02.png	Confirmed: project sprite animation/species art generated by author with PixelLab workflow; prompts/job IDs not stored in repo
AlgoMon Animation	Convention load: SORTEX Evolved battle frame/manifest	AlgoMon/Assets/_AlgoMon/Sprites/SORTEX/Evolved/Idle/Sortex_Evolved_Idle_03.png	Confirmed: project sprite animation/species art generated by author with PixelLab workflow; prompts/job IDs not stored in repo
AlgoMon Animation	Convention load: SORTEX Evolved battle frame/manifest	AlgoMon/Assets/_AlgoMon/Sprites/SORTEX/Evolved/Idle/Sortex_Evolved_Idle_04.png	Confirmed: project sprite animation/species art generated by author with PixelLab workflow; prompts/job IDs not stored in repo
AlgoMon Animation	Convention load: SORTEX Evolved battle frame/manifest	AlgoMon/Assets/_AlgoMon/Sprites/SORTEX/Evolved/Idle/Sortex_Evolved_Idle_05.png	Confirmed: project sprite animation/species art generated by author with PixelLab workflow; prompts/job IDs not stored in repo
AlgoMon Animation	Convention load: SORTEX Evolved battle frame/manifest	AlgoMon/Assets/_AlgoMon/Sprites/SORTEX/Evolved/Idle/Sortex_Evolved_Idle_06.png	Confirmed: project sprite animation/species art generated by author with PixelLab workflow; prompts/job IDs not stored in repo
AlgoMon Animation	Convention load: SORTEX Evolved battle frame/manifest	AlgoMon/Assets/_AlgoMon/Sprites/SORTEX/Evolved/Idle/Sortex_Evolved_Idle_07.png	Confirmed: project sprite animation/species art generated by author with PixelLab workflow; prompts/job IDs not stored in repo
AlgoMon Animation	Convention load: SORTEX Evolved battle frame/manifest	AlgoMon/Assets/_AlgoMon/Sprites/SORTEX/Evolved/Idle/Sortex_Evolved_Idle_08.png	Confirmed: project sprite animation/species art generated by author with PixelLab workflow; prompts/job IDs not stored in repo
AlgoMon Animation	Convention load: SORTEX Evolved battle frame/manifest	AlgoMon/Assets/_AlgoMon/Sprites/SORTEX/Evolved/Idle/Sortex_Evolved_Idle_09.png	Confirmed: project sprite animation/species art generated by author with PixelLab workflow; prompts/job IDs not stored in repo
AlgoMon Animation	Convention load: SORTEX Evolved battle frame/manifest	AlgoMon/Assets/_AlgoMon/Sprites/SORTEX/Evolved/Idle/Sortex_Evolved_Idle_10.png	Confirmed: project sprite animation/species art generated by author with PixelLab workflow; prompts/job IDs not stored in repo
AlgoMon Animation	Convention load: SORTEX Evolved battle frame/manifest	AlgoMon/Assets/_AlgoMon/Sprites/SORTEX/Evolved/Idle/Sortex_Evolved_Idle_11.png	Confirmed: project sprite animation/species art generated by author with PixelLab workflow; prompts/job IDs not stored in repo
AlgoMon Animation	Convention load: SORTEX Evolved battle frame/manifest	AlgoMon/Assets/_AlgoMon/Sprites/SORTEX/Evolved/Idle/Sortex_Evolved_Idle_12.png	Confirmed: project sprite animation/species art generated by author with PixelLab workflow; prompts/job IDs not stored in repo
AlgoMon Animation	Convention load: SORTEX Evolved battle frame/manifest	AlgoMon/Assets/_AlgoMon/Sprites/SORTEX/Evolved/Idle/Sortex_Evolved_Idle_13.png	Confirmed: project sprite animation/species art generated by author with PixelLab workflow; prompts/job IDs not stored in repo
AlgoMon Animation	Convention load: SORTEX Evolved battle frame/manifest	AlgoMon/Assets/_AlgoMon/Sprites/SORTEX/Evolved/Idle/Sortex_Evolved_Idle_14.png	Confirmed: project sprite animation/species art generated by author with PixelLab workflow; prompts/job IDs not stored in repo
AlgoMon Animation	Convention load: SORTEX Evolved battle frame/manifest	AlgoMon/Assets/_AlgoMon/Sprites/SORTEX/Evolved/Idle/Sortex_Evolved_Idle_15.png	Confirmed: project sprite animation/species art generated by author with PixelLab workflow; prompts/job IDs not stored in repo
AlgoMon Animation	Convention load: SORTEX Evolved battle frame/manifest	AlgoMon/Assets/_AlgoMon/Sprites/SORTEX/Evolved/Idle/Sortex_Evolved_Idle_16.png	Confirmed: project sprite animation/species art generated by author with PixelLab workflow; prompts/job IDs not stored in repo
AlgoMon Animation	Convention load: SORTEX Evolved battle frame/manifest	AlgoMon/Assets/_AlgoMon/Sprites/SORTEX/Evolved/Idle/Sortex_Evolved_Idle_17.png	Confirmed: project sprite animation/species art generated by author with PixelLab workflow; prompts/job IDs not stored in repo
AlgoMon Animation	Convention load: SORTEX Evolved battle frame/manifest	AlgoMon/Assets/_AlgoMon/Sprites/SORTEX/Evolved/Status/Sortex_Evolved_Status_01.png	Confirmed: project sprite animation/species art generated by author with PixelLab workflow; prompts/job IDs not stored in repo
AlgoMon Animation	Convention load: SORTEX Evolved battle frame/manifest	AlgoMon/Assets/_AlgoMon/Sprites/SORTEX/Evolved/Status/Sortex_Evolved_Status_02.png	Confirmed: project sprite animation/species art generated by author with PixelLab workflow; prompts/job IDs not stored in repo
AlgoMon Animation	Convention load: SORTEX Evolved battle frame/manifest	AlgoMon/Assets/_AlgoMon/Sprites/SORTEX/Evolved/Status/Sortex_Evolved_Status_03.png	Confirmed: project sprite animation/species art generated by author with PixelLab workflow; prompts/job IDs not stored in repo
AlgoMon Animation	Convention load: SORTEX Evolved battle frame/manifest	AlgoMon/Assets/_AlgoMon/Sprites/SORTEX/Evolved/Status/Sortex_Evolved_Status_04.png	Confirmed: project sprite animation/species art generated by author with PixelLab workflow; prompts/job IDs not stored in repo
AlgoMon Animation	Convention load: SORTEX Evolved battle frame/manifest	AlgoMon/Assets/_AlgoMon/Sprites/SORTEX/Evolved/Status/Sortex_Evolved_Status_05.png	Confirmed: project sprite animation/species art generated by author with PixelLab workflow; prompts/job IDs not stored in repo
AlgoMon Animation	Convention load: SORTEX Evolved battle frame/manifest	AlgoMon/Assets/_AlgoMon/Sprites/SORTEX/Evolved/Status/Sortex_Evolved_Status_06.png	Confirmed: project sprite animation/species art generated by author with PixelLab workflow; prompts/job IDs not stored in repo
AlgoMon Animation	Convention load: SORTEX Evolved battle frame/manifest	AlgoMon/Assets/_AlgoMon/Sprites/SORTEX/Evolved/Status/Sortex_Evolved_Status_07.png	Confirmed: project sprite animation/species art generated by author with PixelLab workflow; prompts/job IDs not stored in repo
AlgoMon Animation	Convention load: SORTEX Evolved battle frame/manifest	AlgoMon/Assets/_AlgoMon/Sprites/SORTEX/Evolved/Status/Sortex_Evolved_Status_08.png	Confirmed: project sprite animation/species art generated by author with PixelLab workflow; prompts/job IDs not stored in repo
AlgoMon Animation	Convention load: SORTEX Evolved battle frame/manifest	AlgoMon/Assets/_AlgoMon/Sprites/SORTEX/Evolved/Status/Sortex_Evolved_Status_09.png	Confirmed: project sprite animation/species art generated by author with PixelLab workflow; prompts/job IDs not stored in repo
AlgoMon Animation	Convention load: SORTEX Evolved battle frame/manifest	AlgoMon/Assets/_AlgoMon/Sprites/SORTEX/Evolved/Status/Sortex_Evolved_Status_10.png	Confirmed: project sprite animation/species art generated by author with PixelLab workflow; prompts/job IDs not stored in repo
AlgoMon Animation	Convention load: SORTEX Evolved battle frame/manifest	AlgoMon/Assets/_AlgoMon/Sprites/SORTEX/Evolved/Status/Sortex_Evolved_Status_11.png	Confirmed: project sprite animation/species art generated by author with PixelLab workflow; prompts/job IDs not stored in repo
AlgoMon Animation	Convention load: SORTEX Evolved battle frame/manifest	AlgoMon/Assets/_AlgoMon/Sprites/SORTEX/Evolved/Status/Sortex_Evolved_Status_12.png	Confirmed: project sprite animation/species art generated by author with PixelLab workflow; prompts/job IDs not stored in repo
AlgoMon Animation	Convention load: SORTEX Evolved battle frame/manifest	AlgoMon/Assets/_AlgoMon/Sprites/SORTEX/Evolved/Status/Sortex_Evolved_Status_13.png	Confirmed: project sprite animation/species art generated by author with PixelLab workflow; prompts/job IDs not stored in repo
AlgoMon Animation	Convention load: SORTEX Evolved battle frame/manifest	AlgoMon/Assets/_AlgoMon/Sprites/SORTEX/Evolved/Status/Sortex_Evolved_Status_14.png	Confirmed: project sprite animation/species art generated by author with PixelLab workflow; prompts/job IDs not stored in repo
AlgoMon Animation	Convention load: SORTEX Evolved battle frame/manifest	AlgoMon/Assets/_AlgoMon/Sprites/SORTEX/Evolved/Status/Sortex_Evolved_Status_15.png	Confirmed: project sprite animation/species art generated by author with PixelLab workflow; prompts/job IDs not stored in repo
AlgoMon Animation	Convention load: SORTEX Evolved battle frame/manifest	AlgoMon/Assets/_AlgoMon/Sprites/SORTEX/Evolved/Status/Sortex_Evolved_Status_16.png	Confirmed: project sprite animation/species art generated by author with PixelLab workflow; prompts/job IDs not stored in repo
AlgoMon Animation	Convention load: SORTEX Evolved battle frame/manifest	AlgoMon/Assets/_AlgoMon/Sprites/SORTEX/Evolved/Status/Sortex_Evolved_Status_17.png	Confirmed: project sprite animation/species art generated by author with PixelLab workflow; prompts/job IDs not stored in repo
AlgoMon Sprite	MainTerminal portrait / species-level sprite	AlgoMon/Assets/_AlgoMon/Sprites/CACHELON/Cachelon_Base.png	Confirmed: project sprite animation/species art generated by author with PixelLab workflow; prompts/job IDs not stored in repo
AlgoMon Sprite	MainTerminal portrait / species-level sprite	AlgoMon/Assets/_AlgoMon/Sprites/CACHELON/Cachelon_Evolved.png	Confirmed: project sprite animation/species art generated by author with PixelLab workflow; prompts/job IDs not stored in repo
AlgoMon Sprite	MainTerminal portrait / species-level sprite	AlgoMon/Assets/_AlgoMon/Sprites/HEAPION/Heapion_Base.png	Confirmed: project sprite animation/species art generated by author with PixelLab workflow; prompts/job IDs not stored in repo
AlgoMon Sprite	MainTerminal portrait / species-level sprite	AlgoMon/Assets/_AlgoMon/Sprites/HEAPION/Heapion_Evolved.png	Confirmed: project sprite animation/species art generated by author with PixelLab workflow; prompts/job IDs not stored in repo
AlgoMon Sprite	MainTerminal portrait / species-level sprite	AlgoMon/Assets/_AlgoMon/Sprites/NULLBYTE/Nullbyte_Base.png	Confirmed: project sprite animation/species art generated by author with PixelLab workflow; prompts/job IDs not stored in repo
AlgoMon Sprite	MainTerminal portrait / species-level sprite	AlgoMon/Assets/_AlgoMon/Sprites/NULLBYTE/Nullbyte_Evolved.png	Confirmed: project sprite animation/species art generated by author with PixelLab workflow; prompts/job IDs not stored in repo
AlgoMon Sprite	MainTerminal portrait / species-level sprite	AlgoMon/Assets/_AlgoMon/Sprites/OVERFLUX/Overflux_Base.png	Confirmed: project sprite animation/species art generated by author with PixelLab workflow; prompts/job IDs not stored in repo
AlgoMon Sprite	MainTerminal portrait / species-level sprite	AlgoMon/Assets/_AlgoMon/Sprites/OVERFLUX/Overflux_Evolved.png	Confirmed: project sprite animation/species art generated by author with PixelLab workflow; prompts/job IDs not stored in repo
AlgoMon Sprite	MainTerminal portrait / species-level sprite	AlgoMon/Assets/_AlgoMon/Sprites/RECURSIX/Recursix_Base.png	Confirmed: project sprite animation/species art generated by author with PixelLab workflow; prompts/job IDs not stored in repo
AlgoMon Sprite	MainTerminal portrait / species-level sprite	AlgoMon/Assets/_AlgoMon/Sprites/RECURSIX/Recursix_Evolved.png	Confirmed: project sprite animation/species art generated by author with PixelLab workflow; prompts/job IDs not stored in repo
AlgoMon Sprite	MainTerminal portrait / species-level sprite	AlgoMon/Assets/_AlgoMon/Sprites/SORTEX/Sortex_Base.png	Confirmed: project sprite animation/species art generated by author with PixelLab workflow; prompts/job IDs not stored in repo
AlgoMon Sprite	MainTerminal portrait / species-level sprite	AlgoMon/Assets/_AlgoMon/Sprites/SORTEX/Sortex_Evolved.png	Confirmed: project sprite animation/species art generated by author with PixelLab workflow; prompts/job IDs not stored in repo
Arena UI	Resources.Load: battle announcer panel	AlgoMon/Assets/_AlgoMon/Resources/UI/BattleAnnouncer_GreenPanel.png	Confirmed: exact crop from DuxDevGames Pixel ui asset art source image
Arena UI	Resources.Load: BattleHud skill/button panel sprite	AlgoMon/Assets/_AlgoMon/Resources/UI/SkillFrame/inventory_example_02_four_rows_soft.png	Confirmed: Free Inventory Sci-Fi by ELV Games; credit ELV Games; some four_rows variants are project-derived
Arena UI	Resources.Load: BattleHud skill/button panel sprite	AlgoMon/Assets/_AlgoMon/Resources/UI/SkillFrame/scifi_inventory01_box.png	Confirmed: Free Inventory Sci-Fi by ELV Games; credit ELV Games; some four_rows variants are project-derived
Arena UI	Resources.Load: BattleHud skill/button panel sprite	AlgoMon/Assets/_AlgoMon/Resources/UI/SkillFrame/scifi_inventory01_box_back.png	Confirmed: Free Inventory Sci-Fi by ELV Games; credit ELV Games; some four_rows variants are project-derived
Arena UI	Resources.Load: BattleHud skill/button panel sprite	AlgoMon/Assets/_AlgoMon/Resources/UI/SkillFrame/scifi_inventory02_box_select01.png	Confirmed: Free Inventory Sci-Fi by ELV Games; credit ELV Games; some four_rows variants are project-derived
Bitmap Font	Editor auto-load: feedback font BoldBasic atlas	AlgoMon/Assets/_AlgoMon/Fonts/NicoBitmap/BoldBasic/BoldBasic.png	Confirmed: Nico Font Pack by Emily Huo, SIL Open Font License 1.1
Bitmap Font	Editor auto-load: feedback font BoldBasic metrics	AlgoMon/Assets/_AlgoMon/Fonts/NicoBitmap/BoldBasic/BoldBasic.txt	Confirmed: Nico Font Pack by Emily Huo, SIL Open Font License 1.1
Bitmap Font	Editor auto-load: feedback font BoldCheese atlas	AlgoMon/Assets/_AlgoMon/Fonts/NicoBitmap/BoldCheese/BoldCheese.png	Confirmed: Nico Font Pack by Emily Huo, SIL Open Font License 1.1
Bitmap Font	Editor auto-load: feedback font BoldCheese metrics	AlgoMon/Assets/_AlgoMon/Fonts/NicoBitmap/BoldCheese/BoldCheese.txt	Confirmed: Nico Font Pack by Emily Huo, SIL Open Font License 1.1
Bitmap Font	Editor auto-load: feedback font BoldTwilight atlas	AlgoMon/Assets/_AlgoMon/Fonts/NicoBitmap/BoldTwilight/BoldTwilight.png	Confirmed: Nico Font Pack by Emily Huo, SIL Open Font License 1.1
Bitmap Font	Editor auto-load: feedback font BoldTwilight metrics	AlgoMon/Assets/_AlgoMon/Fonts/NicoBitmap/BoldTwilight/BoldTwilight.txt	Confirmed: Nico Font Pack by Emily Huo, SIL Open Font License 1.1
Bitmap Font	Editor auto-load: feedback font CakeIcing atlas	AlgoMon/Assets/_AlgoMon/Fonts/NicoBitmap/CakeIcing/CakeIcing.png	Confirmed: Nico Font Pack by Emily Huo, SIL Open Font License 1.1
Bitmap Font	Editor auto-load: feedback font CakeIcing metrics	AlgoMon/Assets/_AlgoMon/Fonts/NicoBitmap/CakeIcing/CakeIcing.txt	Confirmed: Nico Font Pack by Emily Huo, SIL Open Font License 1.1
Bitmap Font	Editor auto-load: feedback font DigitalPup atlas	AlgoMon/Assets/_AlgoMon/Fonts/NicoBitmap/DigitalPup/DigitalPup.png	Confirmed: Nico Font Pack by Emily Huo, SIL Open Font License 1.1
Bitmap Font	Editor auto-load: feedback font DigitalPup metrics	AlgoMon/Assets/_AlgoMon/Fonts/NicoBitmap/DigitalPup/DigitalPup.txt	Confirmed: Nico Font Pack by Emily Huo, SIL Open Font License 1.1
Bitmap Font	Editor auto-load: feedback font IceCream atlas	AlgoMon/Assets/_AlgoMon/Fonts/NicoBitmap/IceCream/IceCream.png	Confirmed: Nico Font Pack by Emily Huo, SIL Open Font License 1.1
Bitmap Font	Editor auto-load: feedback font IceCream metrics	AlgoMon/Assets/_AlgoMon/Fonts/NicoBitmap/IceCream/IceCream.txt	Confirmed: Nico Font Pack by Emily Huo, SIL Open Font License 1.1
Bitmap Font	Editor auto-load: feedback font PaintBasic atlas	AlgoMon/Assets/_AlgoMon/Fonts/NicoBitmap/PaintBasic/PaintBasic.png	Confirmed: Nico Font Pack by Emily Huo, SIL Open Font License 1.1
Bitmap Font	Editor auto-load: feedback font PaintBasic metrics	AlgoMon/Assets/_AlgoMon/Fonts/NicoBitmap/PaintBasic/PaintBasic.txt	Confirmed: Nico Font Pack by Emily Huo, SIL Open Font License 1.1
Bitmap Font	Editor auto-load: feedback font PoolParty atlas	AlgoMon/Assets/_AlgoMon/Fonts/NicoBitmap/PoolParty/PoolParty.png	Confirmed: Nico Font Pack by Emily Huo, SIL Open Font License 1.1
Bitmap Font	Editor auto-load: feedback font PoolParty metrics	AlgoMon/Assets/_AlgoMon/Fonts/NicoBitmap/PoolParty/PoolParty.txt	Confirmed: Nico Font Pack by Emily Huo, SIL Open Font License 1.1
Element UI	Resources.Load: BattleHud element icon	AlgoMon/Assets/_AlgoMon/Resources/UI/Elements/Element_Electric.png	Confirmed: project-specific element icon generated with Gemini 3.1 Pro / Nano Banana
Element UI	Resources.Load: BattleHud element icon	AlgoMon/Assets/_AlgoMon/Resources/UI/Elements/Element_Fire.png	Confirmed: project-specific element icon generated with Gemini 3.1 Pro / Nano Banana
Element UI	Resources.Load: BattleHud element icon	AlgoMon/Assets/_AlgoMon/Resources/UI/Elements/Element_Grass.png	Confirmed: project-specific element icon generated with Gemini 3.1 Pro / Nano Banana
Element UI	Resources.Load: BattleHud element icon	AlgoMon/Assets/_AlgoMon/Resources/UI/Elements/Element_Ground.png	Confirmed: project-specific element icon generated with Gemini 3.1 Pro / Nano Banana
Element UI	Resources.Load: BattleHud element icon	AlgoMon/Assets/_AlgoMon/Resources/UI/Elements/Element_Ice.png	Confirmed: project-specific element icon generated with Gemini 3.1 Pro / Nano Banana
Element UI	Resources.Load: BattleHud element icon	AlgoMon/Assets/_AlgoMon/Resources/UI/Elements/Element_Normal.png	Confirmed: project-specific element icon generated with Gemini 3.1 Pro / Nano Banana
Element UI	Resources.Load: BattleHud element icon	AlgoMon/Assets/_AlgoMon/Resources/UI/Elements/Element_Water.png	Confirmed: project-specific element icon generated with Gemini 3.1 Pro / Nano Banana
Font	Resources.Load: TheGrid + Battle announcer UI font	AlgoMon/Assets/_AlgoMon/Resources/Fonts/NicoBold-Regular.ttf	Confirmed: Nico Font Pack by Emily Huo, SIL Open Font License 1.1
Packaged Resources UI	Included because under Resources; not found in direct Resources.Load calls	AlgoMon/Assets/_AlgoMon/Resources/UI/SkillFrame/inventory_example_02.png	Confirmed: Free Inventory Sci-Fi by ELV Games; credit ELV Games; some four_rows variants are project-derived
Packaged Resources UI	Included because under Resources; not found in direct Resources.Load calls	AlgoMon/Assets/_AlgoMon/Resources/UI/SkillFrame/inventory_example_02_four_rows.png	Confirmed: Free Inventory Sci-Fi by ELV Games; credit ELV Games; some four_rows variants are project-derived
Packaged Resources UI	Included because under Resources; not found in direct Resources.Load calls	AlgoMon/Assets/_AlgoMon/Resources/UI/SkillFrame/inventory_example_02_four_rows_medium.png	Confirmed: Free Inventory Sci-Fi by ELV Games; credit ELV Games; some four_rows variants are project-derived
Packaged Resources UI	Included because under Resources; not found in direct Resources.Load calls	AlgoMon/Assets/_AlgoMon/Resources/UI/SkillFrame/inventory_example_02_four_rows_narrow.png	Confirmed: Free Inventory Sci-Fi by ELV Games; credit ELV Games; some four_rows variants are project-derived
Packaged Resources UI	Included because under Resources; not found in direct Resources.Load calls	AlgoMon/Assets/_AlgoMon/Resources/UI/SkillFrame/scifi_inventory01.png	Confirmed: Free Inventory Sci-Fi by ELV Games; credit ELV Games; some four_rows variants are project-derived
Packaged Resources UI	Included because under Resources; not found in direct Resources.Load calls	AlgoMon/Assets/_AlgoMon/Resources/UI/SkillFrame/scifi_inventory02_box.png	Confirmed: Free Inventory Sci-Fi by ELV Games; credit ELV Games; some four_rows variants are project-derived
Packaged Resources UI	Included because under Resources; not found in direct Resources.Load calls	AlgoMon/Assets/_AlgoMon/Resources/UI/SkillFrame/scifi_inventory02_box_back.png	Confirmed: Free Inventory Sci-Fi by ELV Games; credit ELV Games; some four_rows variants are project-derived
Packaged Resources UI	Included because under Resources; not found in direct Resources.Load calls	AlgoMon/Assets/_AlgoMon/Resources/UI/SkillFrame/scifi_inventory02_box_select02.png	Confirmed: Free Inventory Sci-Fi by ELV Games; credit ELV Games; some four_rows variants are project-derived
Serialized Reference	Serialized Unity reference in: AlgoMon/Assets/_AlgoMon/Scenes/TheArena.unity	AlgoMon/Assets/_AlgoMon/Sprites/CACHELON/Base/Idle/Cachelon_Base_Idle_01.png	Confirmed: project sprite animation/species art generated by author with PixelLab workflow; prompts/job IDs not stored in repo
Serialized Reference	Serialized Unity reference in: AlgoMon/Assets/_AlgoMon/Scenes/TheArena.unity	AlgoMon/Assets/_AlgoMon/Sprites/SORTEX/Base/Idle/Sortex_Base_Idle_01.png	Confirmed: project sprite animation/species art generated by author with PixelLab workflow; prompts/job IDs not stored in repo
Serialized Reference	Serialized Unity reference in: AlgoMon/Assets/_AlgoMon/Prefabs/UI/Arena/BattleHud.prefab, AlgoMon/Assets/_AlgoMon/Scenes/TheArena.unity	AlgoMon/Assets/_AlgoMon/Sprites/UI/Arena/BatteryBar_Pack3BlueFill.png	Confirmed: exact crop from BDragon1727 Basic Pixel Health bar and Scroll bar / Pixel UI Pack 3 sheet
Serialized Reference	Serialized Unity reference in: AlgoMon/Assets/_AlgoMon/Prefabs/UI/Arena/BattleHud.prefab, AlgoMon/Assets/_AlgoMon/Scenes/TheArena.unity	AlgoMon/Assets/_AlgoMon/Sprites/UI/Arena/BatteryBar_Pack3RedOrangeFill.png	Confirmed: exact crop from BDragon1727 Basic Pixel Health bar and Scroll bar / Pixel UI Pack 3 sheet
Serialized Reference	Serialized Unity reference in: AlgoMon/Assets/_AlgoMon/Prefabs/UI/Arena/BattleHud.prefab	AlgoMon/Assets/_AlgoMon/Sprites/UI/Arena/BatteryBar_Pack3Track.png	Confirmed: project-made track based on BDragon1727 Pixel UI Pack 3 / 06.png reference
Serialized Reference	Serialized Unity reference in: AlgoMon/Assets/_AlgoMon/Scenes/TheArena.unity	AlgoMon/Assets/_AlgoMon/Sprites/UI/Arena/BattleBackground_CyberArena.png	Confirmed: project-specific battle background generated with ChatGPT Image 2
Serialized Reference	Serialized Unity reference in: AlgoMon/Assets/_AlgoMon/Prefabs/UI/Arena/BattleHud.prefab, AlgoMon/Assets/_AlgoMon/Scenes/TheArena.unity	AlgoMon/Assets/_AlgoMon/Sprites/UI/Arena/CPBatteryFrame.png	Confirmed: custom project-generated CP battery frame with visual reference to Crusenho Complete UI Essential Pack (CC BY 4.0)
Serialized Reference	Serialized Unity reference in: AlgoMon/Assets/_AlgoMon/Prefabs/UI/Arena/BattleHud.prefab, AlgoMon/Assets/_AlgoMon/Scenes/TheArena.unity	AlgoMon/Assets/_AlgoMon/Sprites/UI/Arena/CPSegmentFill.png	Confirmed: custom project-generated CP segment fill; serialized into BattleHud/TheArena and updated by BattleHudController
Serialized Reference	Serialized Unity reference in: AlgoMon/Assets/_AlgoMon/Prefabs/UI/Arena/BattleHud.prefab, AlgoMon/Assets/_AlgoMon/Scenes/TheArena.unity	AlgoMon/Assets/_AlgoMon/Sprites/UI/Arena/CPZapFill.png	Confirmed: custom project-generated CP zap fill; serialized into BattleHud/TheArena
Serialized Reference	Serialized Unity reference in: AlgoMon/Assets/_AlgoMon/Scenes/TheArena.unity	AlgoMon/Assets/_AlgoMon/Sprites/UI/Arena/GroundDisc.png	Confirmed: custom project-generated ground disc UI piece
Serialized Reference	Serialized Unity reference in: AlgoMon/Assets/_AlgoMon/Prefabs/UI/Arena/BattleHud.prefab	AlgoMon/Assets/_AlgoMon/Sprites/UI/Arena/Sandclock/Sandclock_01.png	Confirmed: replaced with deterministic project-owned custom pixel sandclock frame on 2026-05-29
Serialized Reference	Serialized Unity reference in: AlgoMon/Assets/_AlgoMon/Prefabs/UI/Arena/BattleHud.prefab	AlgoMon/Assets/_AlgoMon/Sprites/UI/Arena/Sandclock/Sandclock_02.png	Confirmed: replaced with deterministic project-owned custom pixel sandclock frame on 2026-05-29
Serialized Reference	Serialized Unity reference in: AlgoMon/Assets/_AlgoMon/Prefabs/UI/Arena/BattleHud.prefab	AlgoMon/Assets/_AlgoMon/Sprites/UI/Arena/Sandclock/Sandclock_03.png	Confirmed: replaced with deterministic project-owned custom pixel sandclock frame on 2026-05-29
Serialized Reference	Serialized Unity reference in: AlgoMon/Assets/_AlgoMon/Prefabs/UI/Arena/BattleHud.prefab	AlgoMon/Assets/_AlgoMon/Sprites/UI/Arena/Sandclock/Sandclock_04.png	Confirmed: replaced with deterministic project-owned custom pixel sandclock frame on 2026-05-29
Serialized Reference	Serialized Unity reference in: AlgoMon/Assets/_AlgoMon/Prefabs/UI/Arena/BattleHud.prefab	AlgoMon/Assets/_AlgoMon/Sprites/UI/Arena/Sandclock/Sandclock_05.png	Confirmed: replaced with deterministic project-owned custom pixel sandclock frame on 2026-05-29
Serialized Reference	Serialized Unity reference in: AlgoMon/Assets/_AlgoMon/Scenes/TheGrid.unity	AlgoMon/Assets/_AlgoMon/Sprites/UI/Grid/Icons/cpu.png	Confirmed: rasterized from Lucide SVG icon under ISC License
Serialized Reference	Serialized Unity reference in: AlgoMon/Assets/_AlgoMon/Scenes/TheGrid.unity	AlgoMon/Assets/_AlgoMon/Sprites/UI/Grid/Icons/refresh-cw.png	Confirmed: rasterized from Lucide SVG icon under ISC License
Serialized Reference	Serialized Unity reference in: AlgoMon/Assets/_AlgoMon/Scenes/TheGrid.unity	AlgoMon/Assets/_AlgoMon/Sprites/UI/Grid/Icons/square-terminal.png	Confirmed: rasterized from Lucide SVG icon under ISC License
Serialized Reference	Serialized Unity reference in: AlgoMon/Assets/_AlgoMon/Scenes/TheGrid.unity	AlgoMon/Assets/_AlgoMon/Sprites/UI/Grid/Icons/sword.png	Confirmed: rasterized from Lucide SVG icon under ISC License
Serialized Reference	Serialized Unity reference in: AlgoMon/Assets/_AlgoMon/Scenes/TheGrid.unity	AlgoMon/Assets/_AlgoMon/Sprites/UI/Grid/Icons/swords.png	Confirmed: rasterized from Lucide SVG icon under ISC License
Serialized Reference	Serialized Unity reference in: AlgoMon/Assets/_AlgoMon/Scenes/TheGrid.unity	AlgoMon/Assets/_AlgoMon/Sprites/UI/Grid/TerminalNodeDisc.png	Confirmed: custom/self-made TheGrid terminal node shape
Serialized Reference	Serialized Unity reference in: AlgoMon/Assets/_AlgoMon/Scenes/TheGrid.unity	AlgoMon/Assets/_AlgoMon/Sprites/UI/Grid/TerminalNodeRing.png	Confirmed: custom/self-made TheGrid terminal node shape
Serialized Reference	Serialized Unity reference in: AlgoMon/Assets/_AlgoMon/Scenes/MainTerminal.unity	AlgoMon/Assets/_AlgoMon/Sprites/UI/MainTerminal/CharacterTypingBackdrop.png	Confirmed: custom project-generated MainTerminal mask/shadow support art
Serialized Reference	Serialized Unity reference in: AlgoMon/Assets/_AlgoMon/Scenes/MainTerminal.unity	AlgoMon/Assets/_AlgoMon/Sprites/UI/MainTerminal/CharacterTypingDisplayFrames_Fixed/CharacterTypingDisplay_01.png	Confirmed: ChatGPT Image 2 generated six-frame main-menu character loop
Serialized Reference	Serialized Unity reference in: AlgoMon/Assets/_AlgoMon/Scenes/MainTerminal.unity	AlgoMon/Assets/_AlgoMon/Sprites/UI/MainTerminal/CharacterTypingDisplayFrames_Fixed/CharacterTypingDisplay_02.png	Confirmed: ChatGPT Image 2 generated six-frame main-menu character loop
Serialized Reference	Serialized Unity reference in: AlgoMon/Assets/_AlgoMon/Scenes/MainTerminal.unity	AlgoMon/Assets/_AlgoMon/Sprites/UI/MainTerminal/CharacterTypingDisplayFrames_Fixed/CharacterTypingDisplay_03.png	Confirmed: ChatGPT Image 2 generated six-frame main-menu character loop
Serialized Reference	Serialized Unity reference in: AlgoMon/Assets/_AlgoMon/Scenes/MainTerminal.unity	AlgoMon/Assets/_AlgoMon/Sprites/UI/MainTerminal/CharacterTypingDisplayFrames_Fixed/CharacterTypingDisplay_04.png	Confirmed: ChatGPT Image 2 generated six-frame main-menu character loop
Serialized Reference	Serialized Unity reference in: AlgoMon/Assets/_AlgoMon/Scenes/MainTerminal.unity	AlgoMon/Assets/_AlgoMon/Sprites/UI/MainTerminal/CharacterTypingDisplayFrames_Fixed/CharacterTypingDisplay_06.png	Confirmed: ChatGPT Image 2 generated six-frame main-menu character loop
Serialized Reference	Serialized Unity reference in: AlgoMon/Assets/_AlgoMon/Scenes/MainTerminal.unity	AlgoMon/Assets/_AlgoMon/Sprites/UI/MainTerminal/CharacterTypingDisplayFrames_Fixed/CharacterTypingDisplay_07.png	Confirmed: ChatGPT Image 2 generated six-frame main-menu character loop
Serialized Reference	Serialized Unity reference in: AlgoMon/Assets/_AlgoMon/Scenes/MainTerminal.unity	AlgoMon/Assets/_AlgoMon/Sprites/UI/MainTerminal/CharacterTypingGhostShadow.png	Confirmed: custom project-generated MainTerminal mask/shadow support art
Serialized Reference	Serialized Unity reference in: AlgoMon/Assets/_AlgoMon/Scenes/MainTerminal.unity	AlgoMon/Assets/_AlgoMon/Sprites/UI/MainTerminal/MainMenuCover16x9.png	Confirmed: project-specific main menu cover generated with ChatGPT Image 2
